date,phase,phase_code,illumination,year,month,day
1990-01-04 10:40:20.976507,First Quarter,1,50,1990,1,4
1990-01-11 04:56:49.964128,Full Moon,2,100,1990,1,11
1990-01-18 21:17:17.668993,Last Quarter,3,50,1990,1,18
1990-01-26 19:20:02.225230,New Moon,0,0,1990,1,26
1990-02-02 18:32:26.162860,First Quarter,1,50,1990,2,2
1990-02-09 19:15:44.734253,Full Moon,2,100,1990,2,9
1990-02-17 18:47:38.552059,Last Quarter,3,50,1990,2,17
1990-02-25 08:54:24.571386,New Moon,0,0,1990,2,25
1990-03-04 02:05:03.697147,First Quarter,1,50,1990,3,4
1990-03-11 10:58:30.978024,Full Moon,2,100,1990,3,11
1990-03-19 14:30:25.548272,Last Quarter,3,50,1990,3,19
1990-03-26 19:48:20.081168,New Moon,0,0,1990,3,26
1990-04-02 10:23:59.795659,First Quarter,1,50,1990,4,2
1990-04-10 03:18:29.825238,Full Moon,2,100,1990,4,10
1990-04-18 07:02:32.287404,Last Quarter,3,50,1990,4,18
1990-04-25 04:27:27.836966,New Moon,0,0,1990,4,25
1990-05-01 20:17:49.113072,First Quarter,1,50,1990,5,1
1990-05-09 19:30:46.395960,Full Moon,2,100,1990,5,9
1990-05-17 19:44:56.609456,Last Quarter,3,50,1990,5,17
1990-05-24 11:47:07.070164,New Moon,0,0,1990,5,24
1990-05-31 08:10:43.453831,First Quarter,1,50,1990,5,31
1990-06-08 11:01:06.727037,Full Moon,2,100,1990,6,8
1990-06-16 04:47:41.713312,Last Quarter,3,50,1990,6,16
1990-06-22 18:54:34.822141,New Moon,0,0,1990,6,22
1990-06-29 22:07:28.428294,First Quarter,1,50,1990,6,29
1990-07-08 01:23:28.102555,Full Moon,2,100,1990,7,8
1990-07-15 11:03:45.568305,Last Quarter,3,50,1990,7,15
1990-07-22 02:54:16.963090,New Moon,0,0,1990,7,22
1990-07-29 14:01:21.416570,First Quarter,1,50,1990,7,29
1990-08-06 14:19:24.541919,Full Moon,2,100,1990,8,6
1990-08-13 15:54:23.289708,Last Quarter,3,50,1990,8,13
1990-08-20 12:38:59.703020,New Moon,0,0,1990,8,20
1990-08-28 07:34:06.970175,First Quarter,1,50,1990,8,28
1990-09-05 01:45:36.228475,Full Moon,2,100,1990,9,5
1990-09-11 20:53:13.103996,Last Quarter,3,50,1990,9,11
1990-09-19 00:46:21.320318,New Moon,0,0,1990,9,19
1990-09-27 02:05:38.807054,First Quarter,1,50,1990,9,27
1990-10-04 12:01:49.883347,Full Moon,2,100,1990,10,4
1990-10-11 03:31:22.890101,Last Quarter,3,50,1990,10,11
1990-10-18 15:36:42.013454,New Moon,0,0,1990,10,18
1990-10-26 20:26:24.583161,First Quarter,1,50,1990,10,26
1990-11-02 21:48:17.529661,Full Moon,2,100,1990,11,2
1990-11-09 13:01:47.542931,Last Quarter,3,50,1990,11,9
1990-11-17 09:04:35.057813,New Moon,0,0,1990,11,17
1990-11-25 13:11:31.693007,First Quarter,1,50,1990,11,25
1990-12-02 07:49:40.213287,Full Moon,2,100,1990,12,2
1990-12-09 02:03:58.122920,Last Quarter,3,50,1990,12,9
1990-12-17 04:21:40.990268,New Moon,0,0,1990,12,17
1990-12-25 03:15:49.244641,First Quarter,1,50,1990,12,25
1990-12-31 18:35:11.417871,Full Moon,2,100,1990,12,31
1991-01-07 18:35:30.758314,Last Quarter,3,50,1991,1,7
1991-01-15 23:49:39.709319,New Moon,0,0,1991,1,15
1991-01-23 14:21:33.554661,First Quarter,1,50,1991,1,23
1991-01-30 06:09:43.300685,Full Moon,2,100,1991,1,30
1991-02-06 13:52:14.237102,Last Quarter,3,50,1991,2,6
1991-02-14 17:31:42.965994,New Moon,0,0,1991,2,14
1991-02-21 22:58:14.085755,First Quarter,1,50,1991,2,21
1991-02-28 18:24:35.037415,Full Moon,2,100,1991,2,28
1991-03-08 10:31:55.836407,Last Quarter,3,50,1991,3,8
1991-03-16 08:10:30.084198,New Moon,0,0,1991,3,16
1991-03-23 06:02:43.918987,First Quarter,1,50,1991,3,23
1991-03-30 07:17:23.739381,Full Moon,2,100,1991,3,30
1991-04-07 06:45:19.045953,Last Quarter,3,50,1991,4,7
1991-04-14 19:37:36.799975,New Moon,0,0,1991,4,14
1991-04-21 12:38:39.926310,First Quarter,1,50,1991,4,21
1991-04-28 20:58:30.140156,Full Moon,2,100,1991,4,28
1991-05-07 00:46:10.690168,Last Quarter,3,50,1991,5,7
1991-05-14 04:35:48.552616,New Moon,0,0,1991,5,14
1991-05-20 19:45:48.900525,First Quarter,1,50,1991,5,20
1991-05-28 11:36:33.908124,Full Moon,2,100,1991,5,28
1991-06-05 15:29:58.701802,Last Quarter,3,50,1991,6,5
1991-06-12 12:05:54.730291,New Moon,0,0,1991,6,12
1991-06-19 04:19:21.371320,First Quarter,1,50,1991,6,19
1991-06-27 02:58:24.610658,Full Moon,2,100,1991,6,27
1991-07-05 02:50:15.134840,Last Quarter,3,50,1991,7,5
1991-07-11 19:06:04.775458,New Moon,0,0,1991,7,11
1991-07-18 15:10:42.086790,First Quarter,1,50,1991,7,18
1991-07-26 18:24:20.583366,Full Moon,2,100,1991,7,26
1991-08-03 11:25:29.461753,Last Quarter,3,50,1991,8,3
1991-08-10 02:27:41.358074,New Moon,0,0,1991,8,10
1991-08-17 05:00:44.734257,First Quarter,1,50,1991,8,17
1991-08-25 09:07:09.094936,Full Moon,2,100,1991,8,25
1991-09-01 18:16:22.675454,Last Quarter,3,50,1991,9,1
1991-09-08 11:00:48.388700,New Moon,0,0,1991,9,8
1991-09-15 22:01:19.755131,First Quarter,1,50,1991,9,15
1991-09-23 22:39:57.809058,Full Moon,2,100,1991,9,23
1991-10-01 00:29:33.617525,Last Quarter,3,50,1991,10,1
1991-10-07 21:38:48.800820,New Moon,0,0,1991,10,7
1991-10-15 17:32:52.399797,First Quarter,1,50,1991,10,15
1991-10-23 11:08:10.413168,Full Moon,2,100,1991,10,23
1991-10-30 07:10:31.814354,Last Quarter,3,50,1991,10,30
1991-11-06 11:11:00.733503,New Moon,0,0,1991,11,6
1991-11-14 14:01:33.642789,First Quarter,1,50,1991,11,14
1991-11-21 22:56:18.385790,Full Moon,2,100,1991,11,21
1991-11-28 15:21:04.878311,Last Quarter,3,50,1991,11,28
1991-12-06 03:56:18.466332,New Moon,0,0,1991,12,6
1991-12-14 09:31:56.200454,First Quarter,1,50,1991,12,14
1991-12-21 10:23:11.146822,Full Moon,2,100,1991,12,21
1991-12-28 01:55:01.779809,Last Quarter,3,50,1991,12,28
1992-01-04 23:09:35.492728,New Moon,0,0,1992,1,4
1992-01-13 02:31:58.956001,First Quarter,1,50,1992,1,13
1992-01-19 21:28:29.110018,Full Moon,2,100,1992,1,19
1992-01-26 15:27:07.981080,Last Quarter,3,50,1992,1,26
1992-02-03 18:59:39.049177,New Moon,0,0,1992,2,3
1992-02-11 16:14:44.177160,First Quarter,1,50,1992,2,11
1992-02-18 08:04:07.109831,Full Moon,2,100,1992,2,18
1992-02-25 07:55:44.888095,Last Quarter,3,50,1992,2,25
1992-03-04 13:22:09.289234,New Moon,0,0,1992,3,4
1992-03-12 02:35:53.464331,First Quarter,1,50,1992,3,12
1992-03-18 18:17:47.575780,Full Moon,2,100,1992,3,18
1992-03-26 02:29:58.264378,Last Quarter,3,50,1992,3,26
1992-04-03 05:01:26.985586,New Moon,0,0,1992,4,3
1992-04-10 10:05:58.115830,First Quarter,1,50,1992,4,10
1992-04-17 04:42:27.539211,Full Moon,2,100,1992,4,17
1992-04-24 21:39:53.939236,Last Quarter,3,50,1992,4,24
1992-05-02 17:44:26.624530,New Moon,0,0,1992,5,2
1992-05-09 15:43:30.493498,First Quarter,1,50,1992,5,9
1992-05-16 16:02:33.400438,Full Moon,2,100,1992,5,16
1992-05-24 15:53:26.239295,Last Quarter,3,50,1992,5,24
1992-06-01 03:56:34.349938,New Moon,0,0,1992,6,1
1992-06-07 20:46:46.978650,First Quarter,1,50,1992,6,7
1992-06-15 04:49:43.982301,Full Moon,2,100,1992,6,15
1992-06-23 08:11:04.141384,Last Quarter,3,50,1992,6,23
1992-06-30 12:18:00.360206,New Moon,0,0,1992,6,30
1992-07-07 02:43:27.392178,First Quarter,1,50,1992,7,7
1992-07-14 19:06:16.767293,Full Moon,2,100,1992,7,14
1992-07-22 22:12:17.488759,Last Quarter,3,50,1992,7,22
1992-07-29 19:35:09.714365,New Moon,0,0,1992,7,29
1992-08-05 10:58:32.792969,First Quarter,1,50,1992,8,5
1992-08-13 10:27:10.364658,Full Moon,2,100,1992,8,13
1992-08-21 10:01:12.334782,Last Quarter,3,50,1992,8,21
1992-08-28 02:41:51.972982,New Moon,0,0,1992,8,28
1992-09-03 22:38:40.706530,First Quarter,1,50,1992,9,3
1992-09-12 02:16:38.571153,Full Moon,2,100,1992,9,12
1992-09-19 19:52:57.165379,Last Quarter,3,50,1992,9,19
1992-09-26 10:40:08.603961,New Moon,0,0,1992,9,26
1992-10-03 14:11:52.463900,First Quarter,1,50,1992,10,3
1992-10-11 18:03:01.060969,Full Moon,2,100,1992,10,11
1992-10-19 04:12:04.220219,Last Quarter,3,50,1992,10,19
1992-10-25 20:33:45.255237,New Moon,0,0,1992,10,25
1992-11-02 09:11:13.536998,First Quarter,1,50,1992,11,2
1992-11-10 09:20:07.095587,Full Moon,2,100,1992,11,10
1992-11-17 11:39:01.006272,Last Quarter,3,50,1992,11,17
1992-11-24 09:11:18.601953,New Moon,0,0,1992,11,24
1992-12-02 06:16:59.971640,First Quarter,1,50,1992,12,2
1992-12-09 23:40:41.007317,Full Moon,2,100,1992,12,9
1992-12-16 19:12:58.185999,Last Quarter,3,50,1992,12,16
1992-12-24 00:42:51.361415,New Moon,0,0,1992,12,24
1993-01-01 03:38:20.937941,First Quarter,1,50,1993,1,1
1993-01-08 12:37:15.322146,Full Moon,2,100,1993,1,8
1993-01-15 04:01:15.945935,Last Quarter,3,50,1993,1,15
1993-01-22 18:26:52.730572,New Moon,0,0,1993,1,22
1993-01-30 23:19:50.337589,First Quarter,1,50,1993,1,30
1993-02-06 23:55:24.139717,Full Moon,2,100,1993,2,6
1993-02-13 14:56:46.453977,Last Quarter,3,50,1993,2,13
1993-02-21 13:05:05.248338,New Moon,0,0,1993,2,21
1993-03-01 15:46:33.444083,First Quarter,1,50,1993,3,1
1993-03-08 09:45:52.892336,Full Moon,2,100,1993,3,8
1993-03-15 04:16:33.454604,Last Quarter,3,50,1993,3,15
1993-03-23 07:14:24.975826,New Moon,0,0,1993,3,23
1993-03-31 04:09:41.598571,First Quarter,1,50,1993,3,31
1993-04-06 18:43:15.213632,Full Moon,2,100,1993,4,6
1993-04-13 19:38:38.567936,Last Quarter,3,50,1993,4,13
1993-04-21 23:48:57.474097,New Moon,0,0,1993,4,21
1993-04-29 12:40:30.061536,First Quarter,1,50,1993,4,29
1993-05-06 03:33:43.928517,Full Moon,2,100,1993,5,6
1993-05-13 12:19:39.428395,Last Quarter,3,50,1993,5,13
1993-05-21 14:06:30.399376,New Moon,0,0,1993,5,21
1993-05-28 18:21:22.020133,First Quarter,1,50,1993,5,28
1993-06-04 13:02:12.039001,Full Moon,2,100,1993,6,4
1993-06-12 05:35:43.856507,Last Quarter,3,50,1993,6,12
1993-06-20 01:52:26.171372,New Moon,0,0,1993,6,20
1993-06-26 22:43:20.180702,First Quarter,1,50,1993,6,26
1993-07-03 23:45:05.847572,Full Moon,2,100,1993,7,3
1993-07-11 22:48:34.416580,Last Quarter,3,50,1993,7,11
1993-07-19 11:24:01.506313,New Moon,0,0,1993,7,19
1993-07-26 03:24:59.912925,First Quarter,1,50,1993,7,26
1993-08-02 12:09:36.250953,Full Moon,2,100,1993,8,2
1993-08-10 15:19:23.123923,Last Quarter,3,50,1993,8,10
1993-08-17 19:28:15.929887,New Moon,0,0,1993,8,17
1993-08-24 09:57:20.251383,First Quarter,1,50,1993,8,24
1993-09-01 02:32:54.308131,Full Moon,2,100,1993,9,1
1993-09-09 06:26:23.629494,Last Quarter,3,50,1993,9,9
1993-09-16 03:10:16.231825,New Moon,0,0,1993,9,16
1993-09-22 19:32:04.523480,First Quarter,1,50,1993,9,22
1993-09-30 18:53:49.159132,Full Moon,2,100,1993,9,30
1993-10-08 19:35:21.388235,Last Quarter,3,50,1993,10,8
1993-10-15 11:35:56.078921,New Moon,0,0,1993,10,15
1993-10-22 08:52:02.456968,First Quarter,1,50,1993,10,22
1993-10-30 12:37:38.374856,Full Moon,2,100,1993,10,30
1993-11-07 06:35:49.913117,Last Quarter,3,50,1993,11,7
1993-11-13 21:34:20.739347,New Moon,0,0,1993,11,13
1993-11-21 02:03:13.584303,First Quarter,1,50,1993,11,21
1993-11-29 06:30:46.457878,Full Moon,2,100,1993,11,29
1993-12-06 15:48:50.804456,Last Quarter,3,50,1993,12,6
1993-12-13 09:26:54.461961,New Moon,0,0,1993,12,13
1993-12-20 22:26:01.306843,First Quarter,1,50,1993,12,20
1993-12-28 23:05:23.349097,Full Moon,2,100,1993,12,28
1994-01-05 00:00:31.635381,Last Quarter,3,50,1994,1,5
1994-01-11 23:10:21.175677,New Moon,0,0,1994,1,11
1994-01-19 20:26:37.344053,First Quarter,1,50,1994,1,19
1994-01-27 13:22:51.467520,Full Moon,2,100,1994,1,27
1994-02-03 08:06:07.330890,Last Quarter,3,50,1994,2,3
1994-02-10 14:29:53.660372,New Moon,0,0,1994,2,10
1994-02-18 17:47:19.520709,First Quarter,1,50,1994,2,18
1994-02-26 01:15:01.853091,Full Moon,2,100,1994,2,26
1994-03-04 16:53:18.832713,Last Quarter,3,50,1994,3,4
1994-03-12 07:04:35.716881,New Moon,0,0,1994,3,12
1994-03-20 12:14:18.698916,First Quarter,1,50,1994,3,20
1994-03-27 11:09:31.388176,Full Moon,2,100,1994,3,27
1994-04-03 02:54:47.801817,Last Quarter,3,50,1994,4,3
1994-04-11 00:17:04.955002,New Moon,0,0,1994,4,11
1994-04-19 02:34:11.660406,First Quarter,1,50,1994,4,19
1994-04-25 19:44:57.363540,Full Moon,2,100,1994,4,25
1994-05-02 14:32:23.515750,Last Quarter,3,50,1994,5,2
1994-05-10 17:06:33.625535,New Moon,0,0,1994,5,10
1994-05-18 12:49:52.044238,First Quarter,1,50,1994,5,18
1994-05-25 03:39:21.089742,Full Moon,2,100,1994,5,25
1994-06-01 04:02:22.471862,Last Quarter,3,50,1994,6,1
1994-06-09 08:26:26.978593,New Moon,0,0,1994,6,9
1994-06-16 19:56:28.909279,First Quarter,1,50,1994,6,16
1994-06-23 11:33:04.042685,Full Moon,2,100,1994,6,23
1994-06-30 19:30:47.213679,Last Quarter,3,50,1994,6,30
1994-07-08 21:37:17.080605,New Moon,0,0,1994,7,8
1994-07-16 01:11:34.173996,First Quarter,1,50,1994,7,16
1994-07-22 20:15:50.813198,Full Moon,2,100,1994,7,22
1994-07-30 12:39:59.575636,Last Quarter,3,50,1994,7,30
1994-08-07 08:45:07.177120,New Moon,0,0,1994,8,7
1994-08-14 05:57:20.391579,First Quarter,1,50,1994,8,14
1994-08-21 06:46:50.566034,Full Moon,2,100,1994,8,21
1994-08-29 06:40:40.901561,Last Quarter,3,50,1994,8,29
1994-09-05 18:32:44.432026,New Moon,0,0,1994,9,5
1994-09-12 11:33:58.421287,First Quarter,1,50,1994,9,12
1994-09-19 20:00:29.849810,Full Moon,2,100,1994,9,19
1994-09-28 00:23:22.042467,Last Quarter,3,50,1994,9,28
1994-10-05 03:55:07.695954,New Moon,0,0,1994,10,5
1994-10-11 19:17:18.638277,First Quarter,1,50,1994,10,11
1994-10-19 12:17:45.866608,Full Moon,2,100,1994,10,19
1994-10-27 16:44:16.757111,Last Quarter,3,50,1994,10,27
1994-11-03 13:35:29.590682,New Moon,0,0,1994,11,3
1994-11-10 06:13:53.448427,First Quarter,1,50,1994,11,10
1994-11-18 06:57:01.412252,Full Moon,2,100,1994,11,18
1994-11-26 07:03:36.081029,Last Quarter,3,50,1994,11,26
1994-12-02 23:54:03.378664,New Moon,0,0,1994,12,2
1994-12-09 21:06:14.539123,First Quarter,1,50,1994,12,9
1994-12-18 02:17:04.311855,Full Moon,2,100,1994,12,18
1994-12-25 19:06:25.522581,Last Quarter,3,50,1994,12,25
1995-01-01 10:55:38.462322,New Moon,0,0,1995,1,1
1995-01-08 15:46:26.789277,First Quarter,1,50,1995,1,8
1995-01-16 20:26:21.328061,Full Moon,2,100,1995,1,16
1995-01-24 04:58:02.446222,Last Quarter,3,50,1995,1,24
1995-01-30 22:47:43.305553,New Moon,0,0,1995,1,30
1995-02-07 12:54:06.973638,First Quarter,1,50,1995,2,7
1995-02-15 12:15:22.372358,Full Moon,2,100,1995,2,15
1995-02-22 13:03:47.154229,Last Quarter,3,50,1995,2,22
1995-03-01 11:47:46.218662,New Moon,0,0,1995,3,1
1995-03-09 10:13:37.114246,First Quarter,1,50,1995,3,9
1995-03-17 01:25:36.364632,Full Moon,2,100,1995,3,17
1995-03-23 20:09:51.584091,Last Quarter,3,50,1995,3,23
1995-03-31 02:08:36.266531,New Moon,0,0,1995,3,31
1995-04-08 05:34:51.631149,First Quarter,1,50,1995,4,8
1995-04-15 12:08:11.702258,Full Moon,2,100,1995,4,15
1995-04-22 03:18:11.211855,Last Quarter,3,50,1995,4,22
1995-04-29 17:36:18.658719,New Moon,0,0,1995,4,29
1995-05-07 21:43:47.907660,First Quarter,1,50,1995,5,7
1995-05-14 20:48:06.745072,Full Moon,2,100,1995,5,14
1995-05-21 11:35:38.343353,Last Quarter,3,50,1995,5,21
1995-05-29 09:27:06.119335,New Moon,0,0,1995,5,29
1995-06-06 10:25:36.022700,First Quarter,1,50,1995,6,6
1995-06-13 04:03:28.936001,Full Moon,2,100,1995,6,13
1995-06-19 22:00:45.864567,Last Quarter,3,50,1995,6,19
1995-06-28 00:49:55.991430,New Moon,0,0,1995,6,28
1995-07-05 20:02:22.455068,First Quarter,1,50,1995,7,5
1995-07-12 10:49:17.095513,Full Moon,2,100,1995,7,12
1995-07-19 11:09:34.771068,Last Quarter,3,50,1995,7,19
1995-07-27 15:12:55.207177,New Moon,0,0,1995,7,27
1995-08-04 03:15:59.641159,First Quarter,1,50,1995,8,4
1995-08-10 18:15:31.140439,Full Moon,2,100,1995,8,10
1995-08-18 03:03:52.117753,Last Quarter,3,50,1995,8,18
1995-08-26 04:30:56.682366,New Moon,0,0,1995,8,26
1995-09-02 09:03:09.536386,First Quarter,1,50,1995,9,2
1995-09-09 03:36:37.611460,Full Moon,2,100,1995,9,9
1995-09-16 21:09:21.301601,Last Quarter,3,50,1995,9,16
1995-09-24 16:54:43.748350,New Moon,0,0,1995,9,24
1995-10-01 14:35:35.085509,First Quarter,1,50,1995,10,1
1995-10-08 15:51:50.378411,Full Moon,2,100,1995,10,8
1995-10-16 16:25:52.595286,Last Quarter,3,50,1995,10,16
1995-10-24 04:36:12.579682,New Moon,0,0,1995,10,24
1995-10-30 21:16:39.078606,First Quarter,1,50,1995,10,30
1995-11-07 07:20:30.205984,Full Moon,2,100,1995,11,7
1995-11-15 11:39:47.073632,Last Quarter,3,50,1995,11,15
1995-11-22 15:42:48.950330,New Moon,0,0,1995,11,22
1995-11-29 06:28:18.446619,First Quarter,1,50,1995,11,29
1995-12-07 01:26:54.386212,Full Moon,2,100,1995,12,7
1995-12-15 05:31:06.484225,Last Quarter,3,50,1995,12,15
1995-12-22 02:22:25.476810,New Moon,0,0,1995,12,22
1995-12-28 19:06:26.676186,First Quarter,1,50,1995,12,28
1996-01-05 20:50:54.472365,Full Moon,2,100,1996,1,5
1996-01-13 20:45:05.089475,Last Quarter,3,50,1996,1,13
1996-01-20 12:50:27.925681,New Moon,0,0,1996,1,20
1996-01-27 11:13:42.729595,First Quarter,1,50,1996,1,27
1996-02-04 15:57:37.727316,Full Moon,2,100,1996,2,4
1996-02-12 08:37:07.115171,Last Quarter,3,50,1996,2,12
1996-02-18 23:30:07.972913,New Moon,0,0,1996,2,18
1996-02-26 05:52:26.640019,First Quarter,1,50,1996,2,26
1996-03-05 09:22:41.519429,Full Moon,2,100,1996,3,5
1996-03-12 17:14:53.268583,Last Quarter,3,50,1996,3,12
1996-03-19 10:44:43.112239,New Moon,0,0,1996,3,19
1996-03-27 01:30:54.148829,First Quarter,1,50,1996,3,27
1996-04-04 00:06:56.146047,Full Moon,2,100,1996,4,4
1996-04-10 23:35:42.554214,Last Quarter,3,50,1996,4,10
1996-04-17 22:48:45.931069,New Moon,0,0,1996,4,17
1996-04-25 20:40:18.649281,First Quarter,1,50,1996,4,25
1996-05-03 11:48:12.934919,Full Moon,2,100,1996,5,3
1996-05-10 05:03:39.726900,Last Quarter,3,50,1996,5,10
1996-05-17 11:46:10.894009,New Moon,0,0,1996,5,17
1996-05-25 14:12:57.168826,First Quarter,1,50,1996,5,25
1996-06-01 20:46:53.925600,Full Moon,2,100,1996,6,1
1996-06-08 11:05:27.914647,Last Quarter,3,50,1996,6,8
1996-06-16 01:35:46.412759,New Moon,0,0,1996,6,16
1996-06-24 05:23:14.817173,First Quarter,1,50,1996,6,24
1996-07-01 03:58:07.817461,Full Moon,2,100,1996,7,1
1996-07-07 18:54:45.874963,Last Quarter,3,50,1996,7,7
1996-07-15 16:14:49.642944,New Moon,0,0,1996,7,15
1996-07-23 17:48:55.766823,First Quarter,1,50,1996,7,23
1996-07-30 10:35:08.685095,Full Moon,2,100,1996,7,30
1996-08-06 05:24:44.748306,Last Quarter,3,50,1996,8,6
1996-08-14 07:33:48.114660,New Moon,0,0,1996,8,14
1996-08-22 03:36:26.689372,First Quarter,1,50,1996,8,22
1996-08-28 17:52:09.692132,Full Moon,2,100,1996,8,28
1996-09-04 19:05:59.180132,Last Quarter,3,50,1996,9,4
1996-09-12 23:07:16.650876,New Moon,0,0,1996,9,12
1996-09-20 11:22:43.097901,First Quarter,1,50,1996,9,20
1996-09-27 02:50:46.018470,Full Moon,2,100,1996,9,27
1996-10-04 12:04:05.906107,Last Quarter,3,50,1996,10,4
1996-10-12 14:14:26.190640,New Moon,0,0,1996,10,12
1996-10-19 18:09:03.720518,First Quarter,1,50,1996,10,19
1996-10-26 14:11:10.357383,Full Moon,2,100,1996,10,26
1996-11-03 07:50:07.878809,Last Quarter,3,50,1996,11,3
1996-11-11 04:16:09.202814,New Moon,0,0,1996,11,11
1996-11-18 01:08:50.742828,First Quarter,1,50,1996,11,18
1996-11-25 04:09:54.825837,Full Moon,2,100,1996,11,25
1996-12-03 05:05:33.395833,Last Quarter,3,50,1996,12,3
1996-12-10 16:56:18.158135,New Moon,0,0,1996,12,10
1996-12-17 09:30:53.831820,First Quarter,1,50,1996,12,17
1996-12-24 20:40:59.410637,Full Moon,2,100,1996,12,24
1997-01-02 01:45:05.696907,Last Quarter,3,50,1997,1,2
1997-01-09 04:25:42.896459,New Moon,0,0,1997,1,9
1997-01-15 20:02:00.859966,First Quarter,1,50,1997,1,15
1997-01-23 15:10:42.547898,Full Moon,2,100,1997,1,23
1997-01-31 19:40:17.585861,Last Quarter,3,50,1997,1,31
1997-02-07 15:06:15.127207,New Moon,0,0,1997,2,7
1997-02-14 08:57:33.651586,First Quarter,1,50,1997,2,14
1997-02-22 10:26:39.486550,Full Moon,2,100,1997,2,22
1997-03-02 09:37:33.510593,Last Quarter,3,50,1997,3,2
1997-03-09 01:14:34.511426,New Moon,0,0,1997,3,9
1997-03-16 00:06:15.930998,First Quarter,1,50,1997,3,16
1997-03-24 04:45:14.415964,Full Moon,2,100,1997,3,24
1997-03-31 19:38:16.548104,Last Quarter,3,50,1997,3,31
1997-04-07 11:01:53.379882,New Moon,0,0,1997,4,7
1997-04-14 16:59:53.717526,First Quarter,1,50,1997,4,14
1997-04-22 20:33:29.737946,Full Moon,2,100,1997,4,22
1997-04-30 02:37:01.666347,Last Quarter,3,50,1997,4,30
1997-05-06 20:46:31.251319,New Moon,0,0,1997,5,6
1997-05-14 10:54:58.531627,First Quarter,1,50,1997,5,14
1997-05-22 09:13:23.316389,Full Moon,2,100,1997,5,22
1997-05-29 07:51:12.765895,Last Quarter,3,50,1997,5,29
1997-06-05 07:03:32.652036,New Moon,0,0,1997,6,5
1997-06-13 04:51:28.552758,First Quarter,1,50,1997,6,13
1997-06-20 19:08:47.794021,Full Moon,2,100,1997,6,20
1997-06-27 12:42:07.135240,Last Quarter,3,50,1997,6,27
1997-07-04 18:39:44.376457,New Moon,0,0,1997,7,4
1997-07-12 21:43:37.242082,First Quarter,1,50,1997,7,12
1997-07-20 03:20:16.400051,Full Moon,2,100,1997,7,20
1997-07-26 18:28:06.706820,Last Quarter,3,50,1997,7,26
1997-08-03 08:13:53.274096,New Moon,0,0,1997,8,3
1997-08-11 12:42:25.671019,First Quarter,1,50,1997,8,11
1997-08-18 10:55:26.105544,Full Moon,2,100,1997,8,18
1997-08-25 02:23:30.958106,Last Quarter,3,50,1997,8,25
1997-09-01 23:51:33.847492,New Moon,0,0,1997,9,1
1997-09-10 01:31:07.067454,First Quarter,1,50,1997,9,10
1997-09-16 18:50:29.272489,Full Moon,2,100,1997,9,16
1997-09-23 13:35:09.691833,Last Quarter,3,50,1997,9,23
1997-10-01 16:51:31.426390,New Moon,0,0,1997,10,1
1997-10-09 12:22:01.850366,First Quarter,1,50,1997,10,9
1997-10-16 03:45:40.684407,Full Moon,2,100,1997,10,16
1997-10-23 04:48:15.394232,Last Quarter,3,50,1997,10,23
1997-10-31 10:01:04.912013,New Moon,0,0,1997,10,31
1997-11-07 21:43:22.764002,First Quarter,1,50,1997,11,7
1997-11-14 14:11:38.436588,Full Moon,2,100,1997,11,14
1997-11-21 23:57:59.092559,Last Quarter,3,50,1997,11,21
1997-11-30 02:14:01.458623,New Moon,0,0,1997,11,30
1997-12-07 06:09:18.700638,First Quarter,1,50,1997,12,7
1997-12-14 02:37:06.312430,Full Moon,2,100,1997,12,14
1997-12-21 21:43:05.880806,Last Quarter,3,50,1997,12,21
1997-12-29 16:56:32.427062,New Moon,0,0,1997,12,29
1998-01-05 14:18:07.491509,First Quarter,1,50,1998,1,5
1998-01-12 17:23:41.976635,Full Moon,2,100,1998,1,12
1998-01-20 19:40:10.499396,Last Quarter,3,50,1998,1,20
1998-01-28 06:00:50.646960,New Moon,0,0,1998,1,28
1998-02-03 22:53:27.006954,First Quarter,1,50,1998,2,3
1998-02-11 10:22:38.724364,Full Moon,2,100,1998,2,11
1998-02-19 15:26:51.173310,Last Quarter,3,50,1998,2,19
1998-02-26 17:25:55.725859,New Moon,0,0,1998,2,26
1998-03-05 08:40:52.625922,First Quarter,1,50,1998,3,5
1998-03-13 04:34:09.780741,Full Moon,2,100,1998,3,13
1998-03-21 07:37:54.933233,Last Quarter,3,50,1998,3,21
1998-03-28 03:13:38.043914,New Moon,0,0,1998,3,28
1998-04-03 20:18:21.361981,First Quarter,1,50,1998,4,3
1998-04-11 22:23:28.853967,Full Moon,2,100,1998,4,11
1998-04-19 19:52:40.156472,Last Quarter,3,50,1998,4,19
1998-04-26 11:41:22.645496,New Moon,0,0,1998,4,26
1998-05-03 10:03:40.888305,First Quarter,1,50,1998,5,3
1998-05-11 14:29:21.400227,Full Moon,2,100,1998,5,11
1998-05-19 04:35:17.585046,Last Quarter,3,50,1998,5,19
1998-05-25 19:32:13.870466,New Moon,0,0,1998,5,25
1998-06-02 01:45:00.524720,First Quarter,1,50,1998,6,2
1998-06-10 04:18:16.826782,Full Moon,2,100,1998,6,10
1998-06-17 10:38:06.667298,Last Quarter,3,50,1998,6,17
1998-06-24 03:50:16.288184,New Moon,0,0,1998,6,24
1998-07-01 18:42:41.968980,First Quarter,1,50,1998,7,1
1998-07-09 16:00:51.924177,Full Moon,2,100,1998,7,9
1998-07-16 15:13:26.983664,Last Quarter,3,50,1998,7,16
1998-07-23 13:43:45.776411,New Moon,0,0,1998,7,23
1998-07-31 12:05:11.289844,First Quarter,1,50,1998,7,31
1998-08-08 02:09:36.475065,Full Moon,2,100,1998,8,8
1998-08-14 19:48:28.330442,Last Quarter,3,50,1998,8,14
1998-08-22 02:03:04.961157,New Moon,0,0,1998,8,22
1998-08-30 05:06:30.435168,First Quarter,1,50,1998,8,30
1998-09-06 11:21:21.542601,Full Moon,2,100,1998,9,6
1998-09-13 01:57:55.032887,Last Quarter,3,50,1998,9,13
1998-09-20 17:01:29.711857,New Moon,0,0,1998,9,20
1998-09-28 21:10:50.794410,First Quarter,1,50,1998,9,28
1998-10-05 20:11:55.595579,Full Moon,2,100,1998,10,5
1998-10-12 11:10:52.211246,Last Quarter,3,50,1998,10,12
1998-10-20 10:09:24.290199,New Moon,0,0,1998,10,20
1998-10-28 11:46:08.440225,First Quarter,1,50,1998,10,28
1998-11-04 05:18:12.362831,Full Moon,2,100,1998,11,4
1998-11-11 00:28:02.159250,Last Quarter,3,50,1998,11,11
1998-11-19 04:26:46.637540,New Moon,0,0,1998,11,19
1998-11-27 00:22:35.593992,First Quarter,1,50,1998,11,27
1998-12-03 15:19:10.209737,Full Moon,2,100,1998,12,3
1998-12-10 17:53:33.337791,Last Quarter,3,50,1998,12,10
1998-12-18 22:42:21.852743,New Moon,0,0,1998,12,18
1998-12-26 10:46:01.777163,First Quarter,1,50,1998,12,26
1999-01-02 02:49:33.208275,Full Moon,2,100,1999,1,2
1999-01-09 14:21:38.465021,Last Quarter,3,50,1999,1,9
1999-01-17 15:46:05.056129,New Moon,0,0,1999,1,17
1999-01-24 19:15:09.931706,First Quarter,1,50,1999,1,24
1999-01-31 16:06:31.368234,Full Moon,2,100,1999,1,31
1999-02-08 11:57:47.816673,Last Quarter,3,50,1999,2,8
1999-02-16 06:38:42.186416,New Moon,0,0,1999,2,16
1999-02-23 02:42:50.868498,First Quarter,1,50,1999,2,23
1999-03-02 06:58:28.394173,Full Moon,2,100,1999,3,2
1999-03-10 08:40:15.072668,Last Quarter,3,50,1999,3,10
1999-03-17 18:47:57.128562,New Moon,0,0,1999,3,17
1999-03-24 10:17:49.226326,First Quarter,1,50,1999,3,24
1999-03-31 22:48:55.365718,Full Moon,2,100,1999,3,31
1999-04-09 02:50:34.941879,Last Quarter,3,50,1999,4,9
1999-04-16 04:21:47.993600,New Moon,0,0,1999,4,16
1999-04-22 19:01:31.932566,First Quarter,1,50,1999,4,22
1999-04-30 14:54:36.847180,Full Moon,2,100,1999,4,30
1999-05-08 17:28:31.083491,Last Quarter,3,50,1999,5,8
1999-05-15 12:05:00.913619,New Moon,0,0,1999,5,15
1999-05-22 05:33:59.933607,First Quarter,1,50,1999,5,22
1999-05-30 06:39:52.944254,Full Moon,2,100,1999,5,30
1999-06-07 04:19:56.172863,Last Quarter,3,50,1999,6,7
1999-06-13 19:02:51.018673,New Moon,0,0,1999,6,13
1999-06-20 18:12:50.475143,First Quarter,1,50,1999,6,20
1999-06-28 21:37:26.759726,Full Moon,2,100,1999,6,28
1999-07-06 11:56:46.878999,Last Quarter,3,50,1999,7,6
1999-07-13 02:23:56.649545,New Moon,0,0,1999,7,13
1999-07-20 09:00:11.606553,First Quarter,1,50,1999,7,20
1999-07-28 11:24:46.429246,Full Moon,2,100,1999,7,28
1999-08-04 17:26:36.044476,Last Quarter,3,50,1999,8,4
1999-08-11 11:08:29.289428,New Moon,0,0,1999,8,11
1999-08-19 01:46:51.913207,First Quarter,1,50,1999,8,19
1999-08-26 23:47:49.155752,Full Moon,2,100,1999,8,26
1999-09-02 22:17:17.501046,Last Quarter,3,50,1999,9,2
1999-09-09 22:02:15.870608,New Moon,0,0,1999,9,9
1999-09-17 20:05:46.227828,First Quarter,1,50,1999,9,17
1999-09-25 10:51:05.226980,Full Moon,2,100,1999,9,25
1999-10-02 04:01:58.147103,Last Quarter,3,50,1999,10,2
1999-10-09 11:34:25.639776,New Moon,0,0,1999,10,9
1999-10-17 14:59:45.700521,First Quarter,1,50,1999,10,17
1999-10-24 21:02:24.320157,Full Moon,2,100,1999,10,24
1999-10-31 12:03:35.492235,Last Quarter,3,50,1999,10,31
1999-11-08 03:53:02.653182,New Moon,0,0,1999,11,8
1999-11-16 09:03:07.018328,First Quarter,1,50,1999,11,16
1999-11-23 07:03:40.472704,Full Moon,2,100,1999,11,23
1999-11-29 23:18:33.981285,Last Quarter,3,50,1999,11,29
1999-12-07 22:31:38.339573,New Moon,0,0,1999,12,7
1999-12-16 00:50:17.954679,First Quarter,1,50,1999,12,16
1999-12-22 17:31:19.004804,Full Moon,2,100,1999,12,22
1999-12-29 14:04:20.759935,Last Quarter,3,50,1999,12,29
2000-01-06 18:13:39.052163,New Moon,0,0,2000,1,6
2000-01-14 13:34:12.873844,First Quarter,1,50,2000,1,14
2000-01-21 04:40:27.462081,Full Moon,2,100,2000,1,21
2000-01-28 07:56:42.443725,Last Quarter,3,50,2000,1,28
2000-02-05 13:03:16.970328,New Moon,0,0,2000,2,5
2000-02-12 23:21:25.708477,First Quarter,1,50,2000,2,12
2000-02-19 16:26:41.236172,Full Moon,2,100,2000,2,19
2000-02-27 03:53:30.608370,Last Quarter,3,50,2000,2,27
2000-03-06 05:16:43.412739,New Moon,0,0,2000,3,6
2000-03-13 06:58:49.303257,First Quarter,1,50,2000,3,13
2000-03-20 04:44:21.676231,Full Moon,2,100,2000,3,20
2000-03-28 00:20:39.270003,Last Quarter,3,50,2000,3,28
2000-04-04 18:12:00.469880,New Moon,0,0,2000,4,4
2000-04-11 13:30:20.492464,First Quarter,1,50,2000,4,11
2000-04-18 17:41:31.029907,Full Moon,2,100,2000,4,18
2000-04-26 19:30:03.001958,Last Quarter,3,50,2000,4,26
2000-05-04 04:12:03.827723,New Moon,0,0,2000,5,4
2000-05-10 20:00:29.925706,First Quarter,1,50,2000,5,10
2000-05-18 07:34:25.470517,Full Moon,2,100,2000,5,18
2000-05-26 11:55:01.054349,Last Quarter,3,50,2000,5,26
2000-06-02 12:13:56.688243,New Moon,0,0,2000,6,2
2000-06-09 03:29:12.692785,First Quarter,1,50,2000,6,9
2000-06-16 22:27:02.108289,Full Moon,2,100,2000,6,16
2000-06-25 01:00:03.880907,Last Quarter,3,50,2000,6,25
2000-07-01 19:19:54.486116,New Moon,0,0,2000,7,1
2000-07-08 12:52:46.932459,First Quarter,1,50,2000,7,8
2000-07-16 13:55:12.472200,Full Moon,2,100,2000,7,16
2000-07-24 11:02:03.507642,Last Quarter,3,50,2000,7,24
2000-07-31 02:25:08.469761,New Moon,0,0,2000,7,31
2000-08-07 01:01:38.798915,First Quarter,1,50,2000,8,7
2000-08-15 05:12:38.372587,Full Moon,2,100,2000,8,15
2000-08-22 18:50:40.361632,Last Quarter,3,50,2000,8,22
2000-08-29 10:19:17.453913,New Moon,0,0,2000,8,29
2000-09-05 16:27:21.852221,First Quarter,1,50,2000,9,5
2000-09-13 19:36:50.027852,Full Moon,2,100,2000,9,13
2000-09-21 01:28:21.038464,Last Quarter,3,50,2000,9,21
2000-09-27 19:52:57.301650,New Moon,0,0,2000,9,27
2000-10-05 10:59:12.251903,First Quarter,1,50,2000,10,5
2000-10-13 08:52:58.441347,Full Moon,2,100,2000,10,13
2000-10-20 07:59:04.958736,Last Quarter,3,50,2000,10,20
2000-10-27 07:58:01.180581,New Moon,0,0,2000,10,27
2000-11-04 07:26:51.124616,First Quarter,1,50,2000,11,4
2000-11-11 21:14:37.667084,Full Moon,2,100,2000,11,11
2000-11-18 15:24:28.145535,Last Quarter,3,50,2000,11,18
2000-11-25 23:11:18.617191,New Moon,0,0,2000,11,25
2000-12-04 03:55:23.266549,First Quarter,1,50,2000,12,4
2000-12-11 09:02:48.768805,Full Moon,2,100,2000,12,11
2000-12-18 00:41:18.576049,Last Quarter,3,50,2000,12,18
2000-12-25 17:21:37.688212,New Moon,0,0,2000,12,25
2001-01-02 22:31:33.614224,First Quarter,1,50,2001,1,2
2001-01-09 20:24:24.888787,Full Moon,2,100,2001,1,9
2001-01-16 12:34:37.265410,Last Quarter,3,50,2001,1,16
2001-01-24 13:06:50.612816,New Moon,0,0,2001,1,24
2001-02-01 14:02:24.966359,First Quarter,1,50,2001,2,1
2001-02-08 07:11:40.089964,Full Moon,2,100,2001,2,8
2001-02-15 03:23:32.422701,Last Quarter,3,50,2001,2,15
2001-02-23 08:21:06.247187,New Moon,0,0,2001,2,23
2001-03-03 02:03:11.941641,First Quarter,1,50,2001,3,3
2001-03-09 17:23:04.119705,Full Moon,2,100,2001,3,9
2001-03-16 20:45:09.661958,Last Quarter,3,50,2001,3,16
2001-03-25 01:21:00.200142,New Moon,0,0,2001,3,25
2001-04-01 10:49:14.770104,First Quarter,1,50,2001,4,1
2001-04-08 03:21:51.765383,Full Moon,2,100,2001,4,8
2001-04-15 15:31:06.026159,Last Quarter,3,50,2001,4,15
2001-04-23 15:25:36.449291,New Moon,0,0,2001,4,23
2001-04-30 17:07:34.247661,First Quarter,1,50,2001,4,30
2001-05-07 13:52:31.576467,Full Moon,2,100,2001,5,7
2001-05-15 10:10:35.772730,Last Quarter,3,50,2001,5,15
2001-05-23 02:46:01.182989,New Moon,0,0,2001,5,23
2001-05-29 22:09:07.757153,First Quarter,1,50,2001,5,29
2001-06-06 01:39:19.731653,Full Moon,2,100,2001,6,6
2001-06-14 03:28:16.043055,Last Quarter,3,50,2001,6,14
2001-06-21 11:57:44.443840,New Moon,0,0,2001,6,21
2001-06-28 03:19:30.898742,First Quarter,1,50,2001,6,28
2001-07-05 15:03:45.492877,Full Moon,2,100,2001,7,5
2001-07-13 18:45:09.848838,Last Quarter,3,50,2001,7,13
2001-07-20 19:44:23.849513,New Moon,0,0,2001,7,20
2001-07-27 10:08:08.983492,First Quarter,1,50,2001,7,27
2001-08-04 05:55:43.282345,Full Moon,2,100,2001,8,4
2001-08-12 07:53:09.249420,Last Quarter,3,50,2001,8,12
2001-08-19 02:55:15.930407,New Moon,0,0,2001,8,19
2001-08-25 19:54:48.236710,First Quarter,1,50,2001,8,25
2001-09-02 21:43:00.548431,Full Moon,2,100,2001,9,2
2001-09-10 18:59:31.488690,Last Quarter,3,50,2001,9,10
2001-09-17 10:27:21.160361,New Moon,0,0,2001,9,17
2001-09-24 09:30:50.996755,First Quarter,1,50,2001,9,24
2001-10-02 13:48:48.765661,Full Moon,2,100,2001,10,2
2001-10-10 04:19:37.566146,Last Quarter,3,50,2001,10,10
2001-10-16 19:23:18.516825,New Moon,0,0,2001,10,16
2001-10-24 02:58:21.160416,First Quarter,1,50,2001,10,24
2001-11-01 05:41:01.428903,Full Moon,2,100,2001,11,1
2001-11-08 12:21:15.626649,Last Quarter,3,50,2001,11,8
2001-11-15 06:39:59.180590,New Moon,0,0,2001,11,15
2001-11-22 23:20:44.097737,First Quarter,1,50,2001,11,22
2001-11-30 20:49:03.317841,Full Moon,2,100,2001,11,30
2001-12-07 19:51:41.704391,Last Quarter,3,50,2001,12,7
2001-12-14 20:47:23.608011,New Moon,0,0,2001,12,14
2001-12-22 20:56:25.908187,First Quarter,1,50,2001,12,22
2001-12-30 10:40:33.045087,Full Moon,2,100,2001,12,30
2002-01-06 03:54:42.800955,Last Quarter,3,50,2002,1,6
2002-01-13 13:28:36.360801,New Moon,0,0,2002,1,13
2002-01-21 17:46:31.560984,First Quarter,1,50,2002,1,21
2002-01-28 22:50:30.150449,Full Moon,2,100,2002,1,28
2002-02-04 13:33:01.967913,Last Quarter,3,50,2002,2,4
2002-02-12 07:40:52.888699,New Moon,0,0,2002,2,12
2002-02-20 12:01:44.205489,First Quarter,1,50,2002,2,20
2002-02-27 09:16:40.690009,Full Moon,2,100,2002,2,27
2002-03-06 01:24:32.641801,Last Quarter,3,50,2002,3,6
2002-03-14 02:02:31.210159,New Moon,0,0,2002,3,14
2002-03-22 02:28:13.260237,First Quarter,1,50,2002,3,22
2002-03-28 18:24:52.951939,Full Moon,2,100,2002,3,28
2002-04-04 15:29:01.230291,Last Quarter,3,50,2002,4,4
2002-04-12 19:21:07.663045,New Moon,0,0,2002,4,12
2002-04-20 12:48:18.693504,First Quarter,1,50,2002,4,20
2002-04-27 02:59:54.679712,Full Moon,2,100,2002,4,27
2002-05-04 07:15:58.733969,Last Quarter,3,50,2002,5,4
2002-05-12 10:45:04.541701,New Moon,0,0,2002,5,12
2002-05-19 19:42:02.531188,First Quarter,1,50,2002,5,19
2002-05-26 11:51:14.192140,Full Moon,2,100,2002,5,26
2002-06-03 00:05:06.427039,Last Quarter,3,50,2002,6,3
2002-06-10 23:46:30.374801,New Moon,0,0,2002,6,10
2002-06-18 00:29:15.853858,First Quarter,1,50,2002,6,18
2002-06-24 21:42:20.408249,Full Moon,2,100,2002,6,24
2002-07-02 17:19:15.450483,Last Quarter,3,50,2002,7,2
2002-07-10 10:26:00.597159,New Moon,0,0,2002,7,10
2002-07-17 04:47:05.414690,First Quarter,1,50,2002,7,17
2002-07-24 09:06:59.046872,Full Moon,2,100,2002,7,24
2002-08-01 10:22:02.925346,Last Quarter,3,50,2002,8,1
2002-08-08 19:15:10.009570,New Moon,0,0,2002,8,8
2002-08-15 10:12:15.721389,First Quarter,1,50,2002,8,15
2002-08-22 22:29:13.517675,Full Moon,2,100,2002,8,22
2002-08-31 02:31:14.865199,Last Quarter,3,50,2002,8,31
2002-09-07 03:10:17.579996,New Moon,0,0,2002,9,7
2002-09-13 18:08:01.839874,First Quarter,1,50,2002,9,13
2002-09-21 13:59:14.668222,Full Moon,2,100,2002,9,21
2002-09-29 17:02:51.802278,Last Quarter,3,50,2002,9,29
2002-10-06 11:17:33.183970,New Moon,0,0,2002,10,6
2002-10-13 05:33:01.884998,First Quarter,1,50,2002,10,13
2002-10-21 07:20:01.772332,Full Moon,2,100,2002,10,21
2002-10-29 05:27:39.530822,Last Quarter,3,50,2002,10,29
2002-11-04 20:34:26.472442,New Moon,0,0,2002,11,4
2002-11-11 20:52:08.899988,First Quarter,1,50,2002,11,11
2002-11-20 01:33:40.541589,Full Moon,2,100,2002,11,20
2002-11-27 15:46:20.091355,Last Quarter,3,50,2002,11,27
2002-12-04 07:34:22.100021,New Moon,0,0,2002,12,4
2002-12-11 15:48:33.803111,First Quarter,1,50,2002,12,11
2002-12-19 19:10:10.700443,Full Moon,2,100,2002,12,19
2002-12-27 00:31:00.037707,Last Quarter,3,50,2002,12,27
2003-01-02 20:22:50.264668,New Moon,0,0,2003,1,2
2003-01-10 13:14:47.761605,First Quarter,1,50,2003,1,10
2003-01-18 10:47:39.235832,Full Moon,2,100,2003,1,18
2003-01-25 08:33:08.672088,Last Quarter,3,50,2003,1,25
2003-02-01 10:48:22.590278,New Moon,0,0,2003,2,1
2003-02-09 11:11:10.188751,First Quarter,1,50,2003,2,9
2003-02-16 23:51:09.957986,Full Moon,2,100,2003,2,16
2003-02-23 16:45:53.974924,Last Quarter,3,50,2003,2,23
2003-03-03 02:34:57.733997,New Moon,0,0,2003,3,3
2003-03-11 07:15:16.296054,First Quarter,1,50,2003,3,11
2003-03-18 10:34:32.774386,Full Moon,2,100,2003,3,18
2003-03-25 01:51:08.165283,Last Quarter,3,50,2003,3,25
2003-04-01 19:18:41.626992,New Moon,0,0,2003,4,1
2003-04-09 23:40:10.576719,First Quarter,1,50,2003,4,9
2003-04-16 19:35:41.044871,Full Moon,2,100,2003,4,16
2003-04-23 12:18:21.877347,Last Quarter,3,50,2003,4,23
2003-05-01 12:14:46.574151,New Moon,0,0,2003,5,1
2003-05-09 11:53:11.793333,First Quarter,1,50,2003,5,9
2003-05-16 03:35:56.579943,Full Moon,2,100,2003,5,16
2003-05-23 00:30:39.039700,Last Quarter,3,50,2003,5,23
2003-05-31 04:19:51.651471,New Moon,0,0,2003,5,31
2003-06-07 20:27:38.509343,First Quarter,1,50,2003,6,7
2003-06-14 11:15:54.276699,Full Moon,2,100,2003,6,14
2003-06-21 14:44:57.320990,Last Quarter,3,50,2003,6,21
2003-06-29 18:38:39.671495,New Moon,0,0,2003,6,29
2003-07-07 02:32:19.285962,First Quarter,1,50,2003,7,7
2003-07-13 19:21:22.529401,Full Moon,2,100,2003,7,13
2003-07-21 07:01:12.667865,Last Quarter,3,50,2003,7,21
2003-07-29 06:52:42.192728,New Moon,0,0,2003,7,29
2003-08-05 07:27:34.482484,First Quarter,1,50,2003,8,5
2003-08-12 04:48:11.679147,Full Moon,2,100,2003,8,12
2003-08-20 00:48:11.172290,Last Quarter,3,50,2003,8,20
2003-08-27 17:26:19.656984,New Moon,0,0,2003,8,27
2003-09-03 12:34:04.868995,First Quarter,1,50,2003,9,3
2003-09-10 16:36:13.320273,Full Moon,2,100,2003,9,10
2003-09-18 19:02:52.454003,Last Quarter,3,50,2003,9,18
2003-09-26 03:09:10.619175,New Moon,0,0,2003,9,26
2003-10-02 19:09:17.322838,First Quarter,1,50,2003,10,2
2003-10-10 07:27:27.841163,Full Moon,2,100,2003,10,10
2003-10-18 12:31:16.231980,Last Quarter,3,50,2003,10,18
2003-10-25 12:50:18.044654,New Moon,0,0,2003,10,25
2003-11-01 04:24:34.298608,First Quarter,1,50,2003,11,1
2003-11-09 01:13:21.913720,Full Moon,2,100,2003,11,9
2003-11-17 04:14:53.627732,Last Quarter,3,50,2003,11,17
2003-11-23 22:58:57.361987,New Moon,0,0,2003,11,23
2003-11-30 17:15:58.360275,First Quarter,1,50,2003,11,30
2003-12-08 20:36:42.103797,Full Moon,2,100,2003,12,8
2003-12-16 17:42:08.493574,Last Quarter,3,50,2003,12,16
2003-12-23 09:43:00.657146,New Moon,0,0,2003,12,23
2003-12-30 10:03:17.947289,First Quarter,1,50,2003,12,30
2004-01-07 15:40:10.343795,Full Moon,2,100,2004,1,7
2004-01-15 04:45:37.664078,Last Quarter,3,50,2004,1,15
2004-01-21 21:04:53.957107,New Moon,0,0,2004,1,21
2004-01-29 06:03:13.886335,First Quarter,1,50,2004,1,29
2004-02-06 08:46:53.669542,Full Moon,2,100,2004,2,6
2004-02-13 13:39:33.838175,Last Quarter,3,50,2004,2,13
2004-02-20 09:17:40.561858,New Moon,0,0,2004,2,20
2004-02-28 03:24:01.713627,First Quarter,1,50,2004,2,28
2004-03-06 23:14:15.395243,Full Moon,2,100,2004,3,6
2004-03-13 21:00:42.215640,Last Quarter,3,50,2004,3,13
2004-03-20 22:41:19.840378,New Moon,0,0,2004,3,20
2004-03-28 23:47:51.025190,First Quarter,1,50,2004,3,28
2004-04-05 11:02:44.266517,Full Moon,2,100,2004,4,5
2004-04-12 03:46:02.370598,Last Quarter,3,50,2004,4,12
2004-04-19 13:21:11.087766,New Moon,0,0,2004,4,19
2004-04-27 17:32:26.067723,First Quarter,1,50,2004,4,27
2004-05-04 20:33:25.897679,Full Moon,2,100,2004,5,4
2004-05-11 11:04:03.175122,Last Quarter,3,50,2004,5,11
2004-05-19 04:51:55.279800,New Moon,0,0,2004,5,19
2004-05-27 07:56:59.042130,First Quarter,1,50,2004,5,27
2004-06-03 04:19:33.846666,Full Moon,2,100,2004,6,3
2004-06-09 20:02:19.616593,Last Quarter,3,50,2004,6,9
2004-06-17 20:26:45.917650,New Moon,0,0,2004,6,17
2004-06-25 19:07:55.886311,First Quarter,1,50,2004,6,25
2004-07-02 11:08:53.491799,Full Moon,2,100,2004,7,2
2004-07-09 07:33:32.926692,Last Quarter,3,50,2004,7,9
2004-07-17 11:23:44.672265,New Moon,0,0,2004,7,17
2004-07-25 03:37:10.182980,First Quarter,1,50,2004,7,25
2004-07-31 18:05:09.019532,Full Moon,2,100,2004,7,31
2004-08-07 22:01:12.687424,Last Quarter,3,50,2004,8,7
2004-08-16 01:23:51.748071,New Moon,0,0,2004,8,16
2004-08-23 10:11:49.261780,First Quarter,1,50,2004,8,23
2004-08-30 02:22:14.075592,Full Moon,2,100,2004,8,30
2004-09-06 15:10:31.788164,Last Quarter,3,50,2004,9,6
2004-09-14 14:29:01.233807,New Moon,0,0,2004,9,14
2004-09-21 15:53:34.749969,First Quarter,1,50,2004,9,21
2004-09-28 13:09:16.115099,Full Moon,2,100,2004,9,28
2004-10-06 10:11:48.985193,Last Quarter,3,50,2004,10,6
2004-10-14 02:48:15.045199,New Moon,0,0,2004,10,14
2004-10-20 21:58:40.397432,First Quarter,1,50,2004,10,20
2004-10-28 03:07:22.701000,Full Moon,2,100,2004,10,28
2004-11-05 05:53:24.423375,Last Quarter,3,50,2004,11,5
2004-11-12 14:27:11.005843,New Moon,0,0,2004,11,12
2004-11-19 05:50:21.046357,First Quarter,1,50,2004,11,19
2004-11-26 20:07:16.096122,Full Moon,2,100,2004,11,26
2004-12-05 00:52:43.332777,Last Quarter,3,50,2004,12,5
2004-12-12 01:29:02.008560,New Moon,0,0,2004,12,12
2004-12-18 16:39:36.686739,First Quarter,1,50,2004,12,18
2004-12-26 15:06:20.098684,Full Moon,2,100,2004,12,26
2005-01-03 17:45:40.902459,Last Quarter,3,50,2005,1,3
2005-01-10 12:02:48.914771,New Moon,0,0,2005,1,10
2005-01-17 06:57:29.442584,First Quarter,1,50,2005,1,17
2005-01-25 10:32:20.009412,Full Moon,2,100,2005,1,25
2005-02-02 07:26:50.197152,Last Quarter,3,50,2005,2,2
2005-02-08 22:28:01.592308,New Moon,0,0,2005,2,8
2005-02-16 00:16:00.752697,First Quarter,1,50,2005,2,16
2005-02-24 04:53:42.410674,Full Moon,2,100,2005,2,24
2005-03-03 17:36:27.437135,Last Quarter,3,50,2005,3,3
2005-03-10 09:10:20.387066,New Moon,0,0,2005,3,10
2005-03-17 19:19:02.932731,First Quarter,1,50,2005,3,17
2005-03-25 20:58:30.591015,Full Moon,2,100,2005,3,25
2005-04-02 00:50:23.941078,Last Quarter,3,50,2005,4,2
2005-04-08 20:32:00.334436,New Moon,0,0,2005,4,8
2005-04-16 14:37:26.993309,First Quarter,1,50,2005,4,16
2005-04-24 10:06:28.065435,Full Moon,2,100,2005,4,24
2005-05-01 06:24:09.563974,Last Quarter,3,50,2005,5,1
2005-05-08 08:45:26.129017,New Moon,0,0,2005,5,8
2005-05-16 08:56:33.112862,First Quarter,1,50,2005,5,16
2005-05-23 20:18:08.982371,Full Moon,2,100,2005,5,23
2005-05-30 11:47:17.672214,Last Quarter,3,50,2005,5,30
2005-06-06 21:55:05.192457,New Moon,0,0,2005,6,6
2005-06-15 01:22:13.552889,First Quarter,1,50,2005,6,15
2005-06-22 04:13:49.177483,Full Moon,2,100,2005,6,22
2005-06-28 18:23:25.193135,Last Quarter,3,50,2005,6,28
2005-07-06 12:02:28.229502,New Moon,0,0,2005,7,6
2005-07-14 15:19:51.611544,First Quarter,1,50,2005,7,14
2005-07-21 11:00:13.602344,Full Moon,2,100,2005,7,21
2005-07-28 03:18:54.849491,Last Quarter,3,50,2005,7,28
2005-08-05 03:04:43.227688,New Moon,0,0,2005,8,5
2005-08-13 02:38:32.563858,First Quarter,1,50,2005,8,13
2005-08-19 17:52:58.606991,Full Moon,2,100,2005,8,19
2005-08-26 15:18:02.867861,Last Quarter,3,50,2005,8,26
2005-09-03 18:45:23.804646,New Moon,0,0,2005,9,3
2005-09-11 11:36:38.667515,First Quarter,1,50,2005,9,11
2005-09-18 02:00:45.629289,Full Moon,2,100,2005,9,18
2005-09-25 06:40:45.388872,Last Quarter,3,50,2005,9,25
2005-10-03 10:27:52.399582,New Moon,0,0,2005,10,3
2005-10-10 19:00:48.294120,First Quarter,1,50,2005,10,10
2005-10-17 12:13:38.432907,Full Moon,2,100,2005,10,17
2005-10-25 01:16:41.614325,Last Quarter,3,50,2005,10,25
2005-11-02 01:24:36.737147,New Moon,0,0,2005,11,2
2005-11-09 01:57:02.946721,First Quarter,1,50,2005,11,9
2005-11-16 00:57:33.424854,Full Moon,2,100,2005,11,16
2005-11-23 22:11:15.105052,Last Quarter,3,50,2005,11,23
2005-12-01 15:00:56.842435,New Moon,0,0,2005,12,1
2005-12-08 09:36:15.575839,First Quarter,1,50,2005,12,8
2005-12-15 16:15:33.202030,Full Moon,2,100,2005,12,15
2005-12-23 19:36:07.725227,Last Quarter,3,50,2005,12,23
2005-12-31 03:11:44.948979,New Moon,0,0,2005,12,31
2006-01-06 18:56:30.411512,First Quarter,1,50,2006,1,6
2006-01-14 09:48:07.600506,Full Moon,2,100,2006,1,14
2006-01-22 15:13:48.368310,Last Quarter,3,50,2006,1,22
2006-01-29 14:14:38.104914,New Moon,0,0,2006,1,29
2006-02-05 06:28:50.515582,First Quarter,1,50,2006,2,5
2006-02-13 04:44:13.491763,Full Moon,2,100,2006,2,13
2006-02-21 07:16:43.274782,Last Quarter,3,50,2006,2,21
2006-02-28 00:30:46.815367,New Moon,0,0,2006,2,28
2006-03-06 20:15:48.077885,First Quarter,1,50,2006,3,6
2006-03-14 23:35:26.279251,Full Moon,2,100,2006,3,14
2006-03-22 19:10:30.799569,Last Quarter,3,50,2006,3,22
2006-03-29 10:15:15.431720,New Moon,0,0,2006,3,29
2006-04-05 12:00:39.489916,First Quarter,1,50,2006,4,5
2006-04-13 16:40:07.767814,Full Moon,2,100,2006,4,13
2006-04-21 03:28:25.699400,Last Quarter,3,50,2006,4,21
2006-04-27 19:43:53.559089,New Moon,0,0,2006,4,27
2006-05-05 05:12:59.412999,First Quarter,1,50,2006,5,5
2006-05-13 06:51:03.782576,Full Moon,2,100,2006,5,13
2006-05-20 09:20:31.837571,Last Quarter,3,50,2006,5,20
2006-05-27 05:25:36.676378,New Moon,0,0,2006,5,27
2006-06-03 23:05:43.501739,First Quarter,1,50,2006,6,3
2006-06-11 18:03:07.039925,Full Moon,2,100,2006,6,11
2006-06-18 14:08:16.203821,Last Quarter,3,50,2006,6,18
2006-06-25 16:05:15.065728,New Moon,0,0,2006,6,25
2006-07-03 16:36:43.209617,First Quarter,1,50,2006,7,3
2006-07-11 03:01:52.160567,Full Moon,2,100,2006,7,11
2006-07-17 19:12:32.801659,Last Quarter,3,50,2006,7,17
2006-07-25 04:30:53.615087,New Moon,0,0,2006,7,25
2006-08-02 08:45:47.709850,First Quarter,1,50,2006,8,2
2006-08-09 10:53:57.277701,Full Moon,2,100,2006,8,9
2006-08-16 01:50:45.778686,Last Quarter,3,50,2006,8,16
2006-08-23 19:09:45.252656,New Moon,0,0,2006,8,23
2006-08-31 22:56:31.153072,First Quarter,1,50,2006,8,31
2006-09-07 18:42:02.976404,Full Moon,2,100,2006,9,7
2006-09-14 11:15:21.339303,Last Quarter,3,50,2006,9,14
2006-09-22 11:45:03.495730,New Moon,0,0,2006,9,22
2006-09-30 11:03:51.226444,First Quarter,1,50,2006,9,30
2006-10-07 03:12:49.872987,Full Moon,2,100,2006,10,7
2006-10-14 00:25:34.481358,Last Quarter,3,50,2006,10,14
2006-10-22 05:14:04.533305,New Moon,0,0,2006,10,22
2006-10-29 21:25:22.231200,First Quarter,1,50,2006,10,29
2006-11-05 12:58:16.756567,Full Moon,2,100,2006,11,5
2006-11-12 17:45:20.844318,Last Quarter,3,50,2006,11,12
2006-11-20 22:18:01.010057,New Moon,0,0,2006,11,20
2006-11-28 06:28:58.973097,First Quarter,1,50,2006,11,28
2006-12-05 00:24:50.196541,Full Moon,2,100,2006,12,5
2006-12-12 14:31:41.340072,Last Quarter,3,50,2006,12,12
2006-12-20 14:00:47.446854,New Moon,0,0,2006,12,20
2006-12-27 14:47:48.485301,First Quarter,1,50,2006,12,27
2007-01-03 13:57:22.811316,Full Moon,2,100,2007,1,3
2007-01-11 12:44:36.753126,Last Quarter,3,50,2007,1,11
2007-01-19 04:00:41.931722,New Moon,0,0,2007,1,19
2007-01-25 23:01:27.601095,First Quarter,1,50,2007,1,25
2007-02-02 05:45:17.891611,Full Moon,2,100,2007,2,2
2007-02-10 09:51:04.967800,Last Quarter,3,50,2007,2,10
2007-02-17 16:14:18.440726,New Moon,0,0,2007,2,17
2007-02-24 07:55:47.560473,First Quarter,1,50,2007,2,24
2007-03-03 23:17:07.140403,Full Moon,2,100,2007,3,3
2007-03-12 03:54:07.018606,Last Quarter,3,50,2007,3,12
2007-03-19 02:42:34.125751,New Moon,0,0,2007,3,19
2007-03-25 18:16:07.054377,First Quarter,1,50,2007,3,25
2007-04-02 17:15:02.674293,Full Moon,2,100,2007,4,2
2007-04-10 18:04:11.085514,Last Quarter,3,50,2007,4,10
2007-04-17 11:36:01.378562,New Moon,0,0,2007,4,17
2007-04-24 06:35:30.073485,First Quarter,1,50,2007,4,24
2007-05-02 10:09:25.588387,Full Moon,2,100,2007,5,2
2007-05-10 04:27:00.969758,Last Quarter,3,50,2007,5,10
2007-05-16 19:27:14.063230,New Moon,0,0,2007,5,16
2007-05-23 21:02:30.641341,First Quarter,1,50,2007,5,23
2007-06-01 01:03:39.342284,Full Moon,2,100,2007,6,1
2007-06-08 11:42:38.861907,Last Quarter,3,50,2007,6,8
2007-06-15 03:13:08.331965,New Moon,0,0,2007,6,15
2007-06-22 13:15:16.311716,First Quarter,1,50,2007,6,22
2007-06-30 13:48:42.264732,Full Moon,2,100,2007,6,30
2007-07-07 16:53:36.751280,Last Quarter,3,50,2007,7,7
2007-07-14 12:03:46.009120,New Moon,0,0,2007,7,14
2007-07-22 06:29:06.155501,First Quarter,1,50,2007,7,22
2007-07-30 00:47:43.307143,Full Moon,2,100,2007,7,30
2007-08-05 21:19:37.618864,Last Quarter,3,50,2007,8,5
2007-08-12 23:02:29.837267,New Moon,0,0,2007,8,12
2007-08-20 23:54:12.996734,First Quarter,1,50,2007,8,20
2007-08-28 10:35:05.116495,Full Moon,2,100,2007,8,28
2007-09-04 02:32:22.807869,Last Quarter,3,50,2007,9,4
2007-09-11 12:44:13.729580,New Moon,0,0,2007,9,11
2007-09-19 16:47:54.326503,First Quarter,1,50,2007,9,19
2007-09-26 19:45:09.168284,Full Moon,2,100,2007,9,26
2007-10-03 10:05:51.412291,Last Quarter,3,50,2007,10,3
2007-10-11 05:00:40.743194,New Moon,0,0,2007,10,11
2007-10-19 08:32:58.021963,First Quarter,1,50,2007,10,19
2007-10-26 04:51:33.319701,Full Moon,2,100,2007,10,26
2007-11-01 21:18:10.681336,Last Quarter,3,50,2007,11,1
2007-11-09 23:03:05.807783,New Moon,0,0,2007,11,9
2007-11-17 22:32:34.319696,First Quarter,1,50,2007,11,17
2007-11-24 14:29:50.887022,Full Moon,2,100,2007,11,24
2007-12-01 12:44:03.525072,Last Quarter,3,50,2007,12,1
2007-12-09 17:40:25.623644,New Moon,0,0,2007,12,9
2007-12-17 10:17:32.316127,First Quarter,1,50,2007,12,17
2007-12-24 01:15:35.936084,Full Moon,2,100,2007,12,24
2007-12-31 07:50:50.798126,Last Quarter,3,50,2007,12,31
2008-01-08 11:37:10.377328,New Moon,0,0,2008,1,8
2008-01-15 19:45:42.941454,First Quarter,1,50,2008,1,15
2008-01-22 13:34:41.539189,Full Moon,2,100,2008,1,22
2008-01-30 05:02:55.201982,Last Quarter,3,50,2008,1,30
2008-02-07 03:44:31.231887,New Moon,0,0,2008,2,7
2008-02-14 03:33:29.420204,First Quarter,1,50,2008,2,14
2008-02-21 03:30:30.983643,Full Moon,2,100,2008,2,21
2008-02-29 02:18:20.118677,Last Quarter,3,50,2008,2,29
2008-03-07 17:14:14.154873,New Moon,0,0,2008,3,7
2008-03-14 10:45:35.086562,First Quarter,1,50,2008,3,14
2008-03-21 18:39:58.057164,Full Moon,2,100,2008,3,21
2008-03-29 21:47:17.870843,Last Quarter,3,50,2008,3,29
2008-04-06 03:55:18.091197,New Moon,0,0,2008,4,6
2008-04-12 18:31:44.353591,First Quarter,1,50,2008,4,12
2008-04-20 10:25:23.614979,Full Moon,2,100,2008,4,20
2008-04-28 14:12:08.723295,Last Quarter,3,50,2008,4,28
2008-05-05 12:18:13.630698,New Moon,0,0,2008,5,5
2008-05-12 03:46:55.063343,First Quarter,1,50,2008,5,12
2008-05-20 02:11:22.453900,Full Moon,2,100,2008,5,20
2008-05-28 02:56:34.627681,Last Quarter,3,50,2008,5,28
2008-06-03 19:22:33.678713,New Moon,0,0,2008,6,3
2008-06-10 15:03:35.465811,First Quarter,1,50,2008,6,10
2008-06-18 17:30:27.784632,Full Moon,2,100,2008,6,18
2008-06-26 12:09:46.906013,Last Quarter,3,50,2008,6,26
2008-07-03 02:18:34.233522,New Moon,0,0,2008,7,3
2008-07-10 04:34:51.234690,First Quarter,1,50,2008,7,10
2008-07-18 07:59:03.470775,Full Moon,2,100,2008,7,18
2008-07-25 18:41:33.735559,Last Quarter,3,50,2008,7,25
2008-08-01 10:12:32.741790,New Moon,0,0,2008,8,1
2008-08-08 20:20:13.730290,First Quarter,1,50,2008,8,8
2008-08-16 21:16:26.885723,Full Moon,2,100,2008,8,16
2008-08-23 23:49:32.883597,Last Quarter,3,50,2008,8,23
2008-08-30 19:58:02.352373,New Moon,0,0,2008,8,30
2008-09-07 14:04:05.823059,First Quarter,1,50,2008,9,7
2008-09-15 09:13:23.271066,Full Moon,2,100,2008,9,15
2008-09-22 05:04:20.671558,Last Quarter,3,50,2008,9,22
2008-09-29 08:12:15.393727,New Moon,0,0,2008,9,29
2008-10-07 09:04:12.592114,First Quarter,1,50,2008,10,7
2008-10-14 20:02:27.920514,Full Moon,2,100,2008,10,14
2008-10-21 11:54:37.192686,Last Quarter,3,50,2008,10,21
2008-10-28 23:13:51.707250,New Moon,0,0,2008,10,28
2008-11-06 04:03:23.119583,First Quarter,1,50,2008,11,6
2008-11-13 06:17:20.092013,Full Moon,2,100,2008,11,13
2008-11-19 21:30:43.918866,Last Quarter,3,50,2008,11,19
2008-11-27 16:54:35.940229,New Moon,0,0,2008,11,27
2008-12-05 21:25:38.094349,First Quarter,1,50,2008,12,5
2008-12-12 16:37:09.390852,Full Moon,2,100,2008,12,12
2008-12-19 10:29:16.125447,Last Quarter,3,50,2008,12,19
2008-12-27 12:22:23.800891,New Moon,0,0,2008,12,27
2009-01-04 11:56:15.268883,First Quarter,1,50,2009,1,4
2009-01-11 03:26:46.585999,Full Moon,2,100,2009,1,11
2009-01-18 02:45:45.406221,Last Quarter,3,50,2009,1,18
2009-01-26 07:55:18.035554,New Moon,0,0,2009,1,26
2009-02-02 23:13:08.018879,First Quarter,1,50,2009,2,2
2009-02-09 14:49:10.605285,Full Moon,2,100,2009,2,9
2009-02-16 21:37:11.385927,Last Quarter,3,50,2009,2,16
2009-02-25 01:35:05.194841,New Moon,0,0,2009,2,25
2009-03-04 07:45:50.250281,First Quarter,1,50,2009,3,4
2009-03-11 02:37:45.516570,Full Moon,2,100,2009,3,11
2009-03-18 17:47:21.986391,Last Quarter,3,50,2009,3,18
2009-03-26 16:05:56.503698,New Moon,0,0,2009,3,26
2009-04-02 14:33:42.549351,First Quarter,1,50,2009,4,2
2009-04-09 14:55:49.596291,Full Moon,2,100,2009,4,9
2009-04-17 13:36:21.746815,Last Quarter,3,50,2009,4,17
2009-04-25 03:22:33.839067,New Moon,0,0,2009,4,25
2009-05-01 20:44:13.646449,First Quarter,1,50,2009,5,1
2009-05-09 04:01:25.159800,Full Moon,2,100,2009,5,9
2009-05-17 07:26:01.383389,Last Quarter,3,50,2009,5,17
2009-05-24 12:10:59.637115,New Moon,0,0,2009,5,24
2009-05-31 03:22:12.008547,First Quarter,1,50,2009,5,31
2009-06-07 18:11:43.690114,Full Moon,2,100,2009,6,7
2009-06-15 22:14:35.582870,Last Quarter,3,50,2009,6,15
2009-06-22 19:34:57.424601,New Moon,0,0,2009,6,22
2009-06-29 11:28:25.052063,First Quarter,1,50,2009,6,29
2009-07-07 09:21:24.563438,Full Moon,2,100,2009,7,7
2009-07-15 09:53:09.196445,Last Quarter,3,50,2009,7,15
2009-07-22 02:34:35.371268,New Moon,0,0,2009,7,22
2009-07-28 21:59:47.478940,First Quarter,1,50,2009,7,28
2009-08-06 00:54:51.754809,Full Moon,2,100,2009,8,6
2009-08-13 18:55:11.649729,Last Quarter,3,50,2009,8,13
2009-08-20 10:01:35.005257,New Moon,0,0,2009,8,20
2009-08-27 11:41:58.493324,First Quarter,1,50,2009,8,27
2009-09-04 16:02:36.448833,Full Moon,2,100,2009,9,4
2009-09-12 02:15:43.928103,Last Quarter,3,50,2009,9,12
2009-09-18 18:44:19.130957,New Moon,0,0,2009,9,18
2009-09-26 04:49:41.514519,First Quarter,1,50,2009,9,26
2009-10-04 06:10:11.511283,Full Moon,2,100,2009,10,4
2009-10-11 08:55:49.344968,Last Quarter,3,50,2009,10,11
2009-10-18 05:33:05.735477,New Moon,0,0,2009,10,18
2009-10-26 00:42:14.064273,First Quarter,1,50,2009,10,26
2009-11-02 19:13:55.580252,Full Moon,2,100,2009,11,2
2009-11-09 15:55:49.284495,Last Quarter,3,50,2009,11,9
2009-11-16 19:13:44.479703,New Moon,0,0,2009,11,16
2009-11-24 21:39:14.823256,First Quarter,1,50,2009,11,24
2009-12-02 07:30:27.664964,Full Moon,2,100,2009,12,2
2009-12-09 00:13:20.938888,Last Quarter,3,50,2009,12,9
2009-12-16 12:02:06.465493,New Moon,0,0,2009,12,16
2009-12-24 17:35:58.693181,First Quarter,1,50,2009,12,24
2009-12-31 19:12:45.794429,Full Moon,2,100,2009,12,31
2010-01-07 10:39:29.307915,Last Quarter,3,50,2010,1,7
2010-01-15 07:11:23.250620,New Moon,0,0,2010,1,15
2010-01-23 10:53:24.373718,First Quarter,1,50,2010,1,23
2010-01-30 06:17:35.807322,Full Moon,2,100,2010,1,30
2010-02-05 23:48:26.965385,Last Quarter,3,50,2010,2,5
2010-02-14 02:51:19.619657,New Moon,0,0,2010,2,14
2010-02-22 00:42:23.289383,First Quarter,1,50,2010,2,22
2010-02-28 16:37:53.164487,Full Moon,2,100,2010,2,28
2010-03-07 15:41:47.420566,Last Quarter,3,50,2010,3,7
2010-03-15 21:01:06.049726,New Moon,0,0,2010,3,15
2010-03-23 11:00:04.505404,First Quarter,1,50,2010,3,23
2010-03-30 02:25:25.554065,Full Moon,2,100,2010,3,30
2010-04-06 09:36:49.063851,Last Quarter,3,50,2010,4,6
2010-04-14 12:28:55.326610,New Moon,0,0,2010,4,14
2010-04-21 18:19:45.618667,First Quarter,1,50,2010,4,21
2010-04-28 12:18:27.429096,Full Moon,2,100,2010,4,28
2010-05-06 04:14:54.455115,Last Quarter,3,50,2010,5,6
2010-05-14 01:04:23.209906,New Moon,0,0,2010,5,14
2010-05-20 23:42:39.478746,First Quarter,1,50,2010,5,20
2010-05-27 23:07:17.847010,Full Moon,2,100,2010,5,27
2010-06-04 22:13:06.350278,Last Quarter,3,50,2010,6,4
2010-06-12 11:14:34.057917,New Moon,0,0,2010,6,12
2010-06-19 04:29:28.644480,First Quarter,1,50,2010,6,19
2010-06-26 11:30:20.858589,Full Moon,2,100,2010,6,26
2010-07-04 14:35:12.762822,Last Quarter,3,50,2010,7,4
2010-07-11 19:40:26.737491,New Moon,0,0,2010,7,11
2010-07-18 10:10:32.602747,First Quarter,1,50,2010,7,18
2010-07-26 01:36:32.088870,Full Moon,2,100,2010,7,26
2010-08-03 04:58:36.438899,Last Quarter,3,50,2010,8,3
2010-08-10 03:08:08.740233,New Moon,0,0,2010,8,10
2010-08-16 18:14:02.001618,First Quarter,1,50,2010,8,16
2010-08-24 17:04:33.678134,Full Moon,2,100,2010,8,24
2010-09-01 17:21:46.197017,Last Quarter,3,50,2010,9,1
2010-09-08 10:29:49.207863,New Moon,0,0,2010,9,8
2010-09-15 05:49:44.619697,First Quarter,1,50,2010,9,15
2010-09-23 09:17:13.019916,Full Moon,2,100,2010,9,23
2010-10-01 03:52:07.251367,Last Quarter,3,50,2010,10,1
2010-10-07 18:44:28.662127,New Moon,0,0,2010,10,7
2010-10-14 21:27:23.964503,First Quarter,1,50,2010,10,14
2010-10-23 01:36:31.871670,Full Moon,2,100,2010,10,23
2010-10-30 12:45:52.450612,Last Quarter,3,50,2010,10,30
2010-11-06 04:51:46.993079,New Moon,0,0,2010,11,6
2010-11-13 16:38:34.795715,First Quarter,1,50,2010,11,13
2010-11-21 17:27:21.053238,Full Moon,2,100,2010,11,21
2010-11-28 20:36:26.288830,Last Quarter,3,50,2010,11,28
2010-12-05 17:35:42.878715,New Moon,0,0,2010,12,5
2010-12-13 13:58:42.924855,First Quarter,1,50,2010,12,13
2010-12-21 08:13:27.951128,Full Moon,2,100,2010,12,21
2010-12-28 04:18:26.922591,Last Quarter,3,50,2010,12,28
2011-01-04 09:02:37.409019,New Moon,0,0,2011,1,4
2011-01-12 11:31:26.228685,First Quarter,1,50,2011,1,12
2011-01-19 21:21:25.236180,Full Moon,2,100,2011,1,19
2011-01-26 12:57:14.530824,Last Quarter,3,50,2011,1,26
2011-02-03 02:30:40.053265,New Moon,0,0,2011,2,3
2011-02-11 07:18:16.434999,First Quarter,1,50,2011,2,11
2011-02-18 08:35:40.516939,Full Moon,2,100,2011,2,18
2011-02-24 23:26:21.245913,Last Quarter,3,50,2011,2,24
2011-03-04 20:45:52.674135,New Moon,0,0,2011,3,4
2011-03-12 23:44:58.410313,First Quarter,1,50,2011,3,12
2011-03-19 18:10:03.683758,Full Moon,2,100,2011,3,19
2011-03-26 12:07:20.307230,Last Quarter,3,50,2011,3,26
2011-04-03 14:32:19.277170,New Moon,0,0,2011,4,3
2011-04-11 12:05:23.161248,First Quarter,1,50,2011,4,11
2011-04-18 02:43:59.098007,Full Moon,2,100,2011,4,18
2011-04-25 02:46:52.376739,Last Quarter,3,50,2011,4,25
2011-05-03 06:50:41.074592,New Moon,0,0,2011,5,3
2011-05-10 20:32:53.741708,First Quarter,1,50,2011,5,10
2011-05-17 11:08:37.735086,Full Moon,2,100,2011,5,17
2011-05-24 18:52:08.838105,Last Quarter,3,50,2011,5,24
2011-06-01 21:02:35.811183,New Moon,0,0,2011,6,1
2011-06-09 02:10:33.066316,First Quarter,1,50,2011,6,9
2011-06-15 20:13:34.154451,Full Moon,2,100,2011,6,15
2011-06-23 11:48:14.152393,Last Quarter,3,50,2011,6,23
2011-07-01 08:53:54.480054,New Moon,0,0,2011,7,1
2011-07-08 06:29:22.123142,First Quarter,1,50,2011,7,8
2011-07-15 06:39:35.578189,Full Moon,2,100,2011,7,15
2011-07-23 05:01:55.539073,Last Quarter,3,50,2011,7,23
2011-07-30 18:39:47.279944,New Moon,0,0,2011,7,30
2011-08-06 11:08:17.379494,First Quarter,1,50,2011,8,6
2011-08-13 18:57:29.325299,Full Moon,2,100,2011,8,13
2011-08-21 21:54:27.392524,Last Quarter,3,50,2011,8,21
2011-08-29 03:04:04.789626,New Moon,0,0,2011,8,29
2011-09-04 17:39:18.242810,First Quarter,1,50,2011,9,4
2011-09-12 09:26:38.946699,Full Moon,2,100,2011,9,12
2011-09-20 13:38:34.759267,Last Quarter,3,50,2011,9,20
2011-09-27 11:08:40.188690,New Moon,0,0,2011,9,27
2011-10-04 03:15:05.789021,First Quarter,1,50,2011,10,4
2011-10-12 02:05:43.618555,Full Moon,2,100,2011,10,12
2011-10-20 03:30:23.812795,Last Quarter,3,50,2011,10,20
2011-10-26 19:55:47.332568,New Moon,0,0,2011,10,26
2011-11-02 16:38:09.853842,First Quarter,1,50,2011,11,2
2011-11-10 20:16:07.113557,Full Moon,2,100,2011,11,10
2011-11-18 15:09:03.753987,Last Quarter,3,50,2011,11,18
2011-11-25 06:09:41.235058,New Moon,0,0,2011,11,25
2011-12-02 09:52:15.057328,First Quarter,1,50,2011,12,2
2011-12-10 14:36:23.645666,Full Moon,2,100,2011,12,10
2011-12-18 00:47:39.980046,Last Quarter,3,50,2011,12,18
2011-12-24 18:06:23.924371,New Moon,0,0,2011,12,24
2012-01-01 06:14:34.802097,First Quarter,1,50,2012,1,1
2012-01-09 07:30:06.118112,Full Moon,2,100,2012,1,9
2012-01-16 09:07:55.087181,Last Quarter,3,50,2012,1,16
2012-01-23 07:39:17.131467,New Moon,0,0,2012,1,23
2012-01-31 04:09:38.870134,First Quarter,1,50,2012,1,31
2012-02-07 21:53:44.930321,Full Moon,2,100,2012,2,7
2012-02-14 17:03:51.922871,Last Quarter,3,50,2012,2,14
2012-02-21 22:34:35.570926,New Moon,0,0,2012,2,21
2012-03-01 01:21:29.703478,First Quarter,1,50,2012,3,1
2012-03-08 09:39:28.753786,Full Moon,2,100,2012,3,8
2012-03-15 01:25:07.984516,Last Quarter,3,50,2012,3,15
2012-03-22 14:37:05.963083,New Moon,0,0,2012,3,22
2012-03-30 19:40:39.473657,First Quarter,1,50,2012,3,30
2012-04-06 19:18:40.295349,Full Moon,2,100,2012,4,6
2012-04-13 10:49:36.067956,Last Quarter,3,50,2012,4,13
2012-04-21 07:18:23.541707,New Moon,0,0,2012,4,21
2012-04-29 09:57:28.478086,First Quarter,1,50,2012,4,29
2012-05-06 03:35:04.480375,Full Moon,2,100,2012,5,6
2012-05-12 21:46:42.358412,Last Quarter,3,50,2012,5,12
2012-05-20 23:47:00.684243,New Moon,0,0,2012,5,20
2012-05-28 20:15:58.887534,First Quarter,1,50,2012,5,28
2012-06-04 11:11:33.325375,Full Moon,2,100,2012,6,4
2012-06-11 10:41:19.930223,Last Quarter,3,50,2012,6,11
2012-06-19 15:02:05.781221,New Moon,0,0,2012,6,19
2012-06-27 03:30:20.879820,First Quarter,1,50,2012,6,27
2012-07-03 18:51:52.146020,Full Moon,2,100,2012,7,3
2012-07-11 01:47:50.340313,Last Quarter,3,50,2012,7,11
2012-07-19 04:24:00.957473,New Moon,0,0,2012,7,19
2012-07-26 08:56:09.719091,First Quarter,1,50,2012,7,26
2012-08-02 03:27:26.514535,Full Moon,2,100,2012,8,2
2012-08-09 18:54:58.544727,Last Quarter,3,50,2012,8,9
2012-08-17 15:54:24.916353,New Moon,0,0,2012,8,17
2012-08-24 13:53:33.554597,First Quarter,1,50,2012,8,24
2012-08-31 13:58:05.476187,Full Moon,2,100,2012,8,31
2012-09-08 13:15:01.345739,Last Quarter,3,50,2012,9,8
2012-09-16 02:10:37.126505,New Moon,0,0,2012,9,16
2012-09-22 19:40:48.905515,First Quarter,1,50,2012,9,22
2012-09-30 03:18:36.534419,Full Moon,2,100,2012,9,30
2012-10-08 07:33:16.457119,Last Quarter,3,50,2012,10,8
2012-10-15 12:02:30.743459,New Moon,0,0,2012,10,15
2012-10-22 03:31:58.409948,First Quarter,1,50,2012,10,22
2012-10-29 19:49:27.177264,Full Moon,2,100,2012,10,29
2012-11-07 00:35:39.740450,Last Quarter,3,50,2012,11,7
2012-11-13 22:08:00.623965,New Moon,0,0,2012,11,13
2012-11-20 14:31:25.669574,First Quarter,1,50,2012,11,20
2012-11-28 14:45:56.958415,Full Moon,2,100,2012,11,28
2012-12-06 15:31:26.307863,Last Quarter,3,50,2012,12,6
2012-12-13 08:41:37.416575,New Moon,0,0,2012,12,13
2012-12-20 05:19:03.829301,First Quarter,1,50,2012,12,20
2012-12-28 10:21:11.670108,Full Moon,2,100,2012,12,28
2013-01-05 03:57:45.927196,Last Quarter,3,50,2013,1,5
2013-01-11 19:43:37.579541,New Moon,0,0,2013,1,11
2013-01-18 23:45:02.387604,First Quarter,1,50,2013,1,18
2013-01-27 04:38:22.621437,Full Moon,2,100,2013,1,27
2013-02-03 13:56:18.794838,Last Quarter,3,50,2013,2,3
2013-02-10 07:20:06.605298,New Moon,0,0,2013,2,10
2013-02-17 20:30:36.018715,First Quarter,1,50,2013,2,17
2013-02-25 20:26:03.700966,Full Moon,2,100,2013,2,25
2013-03-04 21:52:48.398045,Last Quarter,3,50,2013,3,4
2013-03-11 19:51:00.125419,New Moon,0,0,2013,3,11
2013-03-19 17:26:34.433162,First Quarter,1,50,2013,3,19
2013-03-27 09:27:18.151334,Full Moon,2,100,2013,3,27
2013-04-03 04:36:33.652084,Last Quarter,3,50,2013,4,3
2013-04-10 09:35:17.470480,New Moon,0,0,2013,4,10
2013-04-18 12:30:51.201132,First Quarter,1,50,2013,4,18
2013-04-25 19:57:06.665720,Full Moon,2,100,2013,4,25
2013-05-02 11:14:09.130217,Last Quarter,3,50,2013,5,2
2013-05-10 00:28:22.862152,New Moon,0,0,2013,5,10
2013-05-18 04:34:30.104279,First Quarter,1,50,2013,5,18
2013-05-25 04:24:55.812710,Full Moon,2,100,2013,5,25
2013-05-31 18:58:06.105074,Last Quarter,3,50,2013,5,31
2013-06-08 15:56:19.920514,New Moon,0,0,2013,6,8
2013-06-16 17:23:40.189619,First Quarter,1,50,2013,6,16
2013-06-23 11:32:15.003577,Full Moon,2,100,2013,6,23
2013-06-30 04:53:30.342199,Last Quarter,3,50,2013,6,30
2013-07-08 07:14:16.362615,New Moon,0,0,2013,7,8
2013-07-16 03:18:17.311084,First Quarter,1,50,2013,7,16
2013-07-22 18:15:31.053423,Full Moon,2,100,2013,7,22
2013-07-29 17:43:20.175149,Last Quarter,3,50,2013,7,29
2013-08-06 21:50:40.541432,New Moon,0,0,2013,8,6
2013-08-14 10:56:00.944813,First Quarter,1,50,2013,8,14
2013-08-21 01:44:35.729253,Full Moon,2,100,2013,8,21
2013-08-28 09:34:56.856661,Last Quarter,3,50,2013,8,28
2013-09-05 11:36:07.218021,New Moon,0,0,2013,9,5
2013-09-12 17:08:24.621202,First Quarter,1,50,2013,9,12
2013-09-19 11:12:49.911448,Full Moon,2,100,2013,9,19
2013-09-27 03:55:28.327937,Last Quarter,3,50,2013,9,27
2013-10-05 00:34:31.065628,New Moon,0,0,2013,10,5
2013-10-11 23:02:18.810330,First Quarter,1,50,2013,10,11
2013-10-18 23:37:39.633080,Full Moon,2,100,2013,10,18
2013-10-26 23:40:28.739211,Last Quarter,3,50,2013,10,26
2013-11-03 12:49:57.852980,New Moon,0,0,2013,11,3
2013-11-10 05:57:10.402423,First Quarter,1,50,2013,11,10
2013-11-17 15:15:44.410957,Full Moon,2,100,2013,11,17
2013-11-25 19:27:42.669893,Last Quarter,3,50,2013,11,25
2013-12-03 00:22:22.842863,New Moon,0,0,2013,12,3
2013-12-09 15:11:43.881860,First Quarter,1,50,2013,12,9
2013-12-17 09:28:05.117091,Full Moon,2,100,2013,12,17
2013-12-25 13:47:40.367144,Last Quarter,3,50,2013,12,25
2014-01-01 11:14:10.637442,New Moon,0,0,2014,1,1
2014-01-08 03:39:17.161661,First Quarter,1,50,2014,1,8
2014-01-16 04:52:10.306957,Full Moon,2,100,2014,1,16
2014-01-24 05:18:58.609402,Last Quarter,3,50,2014,1,24
2014-01-30 21:38:32.078597,New Moon,0,0,2014,1,30
2014-02-06 19:22:04.049767,First Quarter,1,50,2014,2,6
2014-02-14 23:53:00.452504,Full Moon,2,100,2014,2,14
2014-02-22 17:15:15.752796,Last Quarter,3,50,2014,2,22
2014-03-01 07:59:39.348782,New Moon,0,0,2014,3,1
2014-03-08 13:26:45.362192,First Quarter,1,50,2014,3,8
2014-03-16 17:08:19.887996,Full Moon,2,100,2014,3,16
2014-03-24 01:46:05.061833,Last Quarter,3,50,2014,3,24
2014-03-30 18:44:40.426743,New Moon,0,0,2014,3,30
2014-04-07 08:30:37.458665,First Quarter,1,50,2014,4,7
2014-04-15 07:42:17.922872,Full Moon,2,100,2014,4,15
2014-04-22 07:51:41.011215,Last Quarter,3,50,2014,4,22
2014-04-29 06:14:20.525897,New Moon,0,0,2014,4,29
2014-05-07 03:14:50.890545,First Quarter,1,50,2014,5,7
2014-05-14 19:15:54.585630,Full Moon,2,100,2014,5,14
2014-05-21 12:59:08.866118,Last Quarter,3,50,2014,5,21
2014-05-28 18:40:12.904172,New Moon,0,0,2014,5,28
2014-06-05 20:38:45.164273,First Quarter,1,50,2014,6,5
2014-06-13 04:11:28.752489,Full Moon,2,100,2014,6,13
2014-06-19 18:38:42.334811,Last Quarter,3,50,2014,6,19
2014-06-27 08:08:27.046876,New Moon,0,0,2014,6,27
2014-07-05 11:58:48.028294,First Quarter,1,50,2014,7,5
2014-07-12 11:24:53.488537,Full Moon,2,100,2014,7,12
2014-07-19 02:08:20.392209,Last Quarter,3,50,2014,7,19
2014-07-26 22:41:44.262498,New Moon,0,0,2014,7,26
2014-08-04 00:49:40.051855,First Quarter,1,50,2014,8,4
2014-08-10 18:09:20.730235,Full Moon,2,100,2014,8,10
2014-08-17 12:25:46.212681,Last Quarter,3,50,2014,8,17
2014-08-25 14:12:44.567200,New Moon,0,0,2014,8,25
2014-09-02 11:11:10.281781,First Quarter,1,50,2014,9,2
2014-09-09 01:38:09.744130,Full Moon,2,100,2014,9,9
2014-09-16 02:04:53.699936,Last Quarter,3,50,2014,9,16
2014-09-24 06:13:45.628450,New Moon,0,0,2014,9,24
2014-10-01 19:32:34.014373,First Quarter,1,50,2014,10,1
2014-10-08 10:50:35.783678,Full Moon,2,100,2014,10,8
2014-10-15 19:12:01.950820,Last Quarter,3,50,2014,10,15
2014-10-23 21:56:39.957374,New Moon,0,0,2014,10,23
2014-10-31 02:48:18.097131,First Quarter,1,50,2014,10,31
2014-11-06 22:22:50.127136,Full Moon,2,100,2014,11,6
2014-11-14 15:15:30.089252,Last Quarter,3,50,2014,11,14
2014-11-22 12:32:16.547962,New Moon,0,0,2014,11,22
2014-11-29 10:06:18.152138,First Quarter,1,50,2014,11,29
2014-12-06 12:26:45.663778,Full Moon,2,100,2014,12,6
2014-12-14 12:50:56.990560,Last Quarter,3,50,2014,12,14
2014-12-22 01:35:51.518358,New Moon,0,0,2014,12,22
2014-12-28 18:31:24.490619,First Quarter,1,50,2014,12,28
2015-01-05 04:53:16.177164,Full Moon,2,100,2015,1,5
2015-01-13 09:46:28.248640,Last Quarter,3,50,2015,1,13
2015-01-20 13:13:41.861887,New Moon,0,0,2015,1,20
2015-01-27 04:48:24.443198,First Quarter,1,50,2015,1,27
2015-02-03 23:08:55.443209,Full Moon,2,100,2015,2,3
2015-02-12 03:49:51.175603,Last Quarter,3,50,2015,2,12
2015-02-18 23:47:15.271511,New Moon,0,0,2015,2,18
2015-02-25 17:14:00.720864,First Quarter,1,50,2015,2,25
2015-03-05 18:05:23.369621,Full Moon,2,100,2015,3,5
2015-03-13 17:47:55.208407,Last Quarter,3,50,2015,3,13
2015-03-20 09:36:10.646074,New Moon,0,0,2015,3,20
2015-03-27 07:42:35.874113,First Quarter,1,50,2015,3,27
2015-04-04 12:05:33.973266,Full Moon,2,100,2015,4,4
2015-04-12 03:44:26.835533,Last Quarter,3,50,2015,4,12
2015-04-18 18:56:51.058149,New Moon,0,0,2015,4,18
2015-04-25 23:55:08.419620,First Quarter,1,50,2015,4,25
2015-05-04 03:42:04.989764,Full Moon,2,100,2015,5,4
2015-05-11 10:36:06.776834,Last Quarter,3,50,2015,5,11
2015-05-18 04:13:14.092321,New Moon,0,0,2015,5,18
2015-05-25 17:18:49.678248,First Quarter,1,50,2015,5,25
2015-06-02 16:19:01.204091,Full Moon,2,100,2015,6,2
2015-06-09 15:41:44.470776,Last Quarter,3,50,2015,6,9
2015-06-16 14:05:19.813136,New Moon,0,0,2015,6,16
2015-06-24 11:02:31.991161,First Quarter,1,50,2015,6,24
2015-07-02 02:19:34.488374,Full Moon,2,100,2015,7,2
2015-07-08 20:23:56.794190,Last Quarter,3,50,2015,7,8
2015-07-16 01:24:19.573892,New Moon,0,0,2015,7,16
2015-07-24 04:03:59.124273,First Quarter,1,50,2015,7,24
2015-07-31 10:42:53.281799,Full Moon,2,100,2015,7,31
2015-08-07 02:02:41.828313,Last Quarter,3,50,2015,8,7
2015-08-14 14:53:22.541973,New Moon,0,0,2015,8,14
2015-08-22 19:31:00.936918,First Quarter,1,50,2015,8,22
2015-08-29 18:35:11.382920,Full Moon,2,100,2015,8,29
2015-09-05 09:54:02.539460,Last Quarter,3,50,2015,9,5
2015-09-13 06:41:15.685916,New Moon,0,0,2015,9,13
2015-09-21 08:59:04.564012,First Quarter,1,50,2015,9,21
2015-09-28 02:50:30.449024,Full Moon,2,100,2015,9,28
2015-10-04 21:06:03.500996,Last Quarter,3,50,2015,10,4
2015-10-13 00:05:43.457568,New Moon,0,0,2015,10,13
2015-10-20 20:31:20.317522,First Quarter,1,50,2015,10,20
2015-10-27 12:05:08.090923,Full Moon,2,100,2015,10,27
2015-11-03 12:23:51.265017,Last Quarter,3,50,2015,11,3
2015-11-11 17:47:09.677628,New Moon,0,0,2015,11,11
2015-11-19 06:27:21.711867,First Quarter,1,50,2015,11,19
2015-11-25 22:44:15.682033,Full Moon,2,100,2015,11,25
2015-12-03 07:40:21.252224,Last Quarter,3,50,2015,12,3
2015-12-11 10:29:25.149074,New Moon,0,0,2015,12,11
2015-12-18 15:14:19.202909,First Quarter,1,50,2015,12,18
2015-12-25 11:11:28.872174,Full Moon,2,100,2015,12,25
2016-01-02 05:30:27.213477,Last Quarter,3,50,2016,1,2
2016-01-10 01:30:32.160699,New Moon,0,0,2016,1,10
2016-01-16 23:26:22.659908,First Quarter,1,50,2016,1,16
2016-01-24 01:45:44.437730,Full Moon,2,100,2016,1,24
2016-02-01 03:27:51.035021,Last Quarter,3,50,2016,2,1
2016-02-08 14:38:55.148563,New Moon,0,0,2016,2,8
2016-02-15 07:46:29.306430,First Quarter,1,50,2016,2,15
2016-02-22 18:19:51.748539,Full Moon,2,100,2016,2,22
2016-03-01 23:10:41.839458,Last Quarter,3,50,2016,3,1
2016-03-09 01:54:29.818255,New Moon,0,0,2016,3,9
2016-03-15 17:02:54.609963,First Quarter,1,50,2016,3,15
2016-03-23 12:00:50.960642,Full Moon,2,100,2016,3,23
2016-03-31 15:16:50.669136,Last Quarter,3,50,2016,3,31
2016-04-07 11:23:40.254924,New Moon,0,0,2016,4,7
2016-04-14 03:59:19.149785,First Quarter,1,50,2016,4,14
2016-04-22 05:23:36.759998,Full Moon,2,100,2016,4,22
2016-04-30 03:28:42.251671,Last Quarter,3,50,2016,4,30
2016-05-06 19:29:30.791008,New Moon,0,0,2016,5,6
2016-05-13 17:02:06.919394,First Quarter,1,50,2016,5,13
2016-05-21 21:14:25.498200,Full Moon,2,100,2016,5,21
2016-05-29 12:11:58.289510,Last Quarter,3,50,2016,5,29
2016-06-05 02:59:35.120860,New Moon,0,0,2016,6,5
2016-06-12 08:09:47.751624,First Quarter,1,50,2016,6,12
2016-06-20 11:02:18.233402,Full Moon,2,100,2016,6,20
2016-06-27 18:18:38.695624,Last Quarter,3,50,2016,6,27
2016-07-04 11:00:59.243273,New Moon,0,0,2016,7,4
2016-07-12 00:51:48.943683,First Quarter,1,50,2016,7,12
2016-07-19 22:56:33.183714,Full Moon,2,100,2016,7,19
2016-07-26 22:59:40.321672,Last Quarter,3,50,2016,7,26
2016-08-02 20:44:31.177861,New Moon,0,0,2016,8,2
2016-08-10 18:20:50.529994,First Quarter,1,50,2016,8,10
2016-08-18 09:26:33.200327,Full Moon,2,100,2016,8,18
2016-08-25 03:40:50.031407,Last Quarter,3,50,2016,8,25
2016-09-01 09:03:05.258144,New Moon,0,0,2016,9,1
2016-09-09 11:48:52.249631,First Quarter,1,50,2016,9,9
2016-09-16 19:05:05.550005,Full Moon,2,100,2016,9,16
2016-09-23 09:56:02.806697,Last Quarter,3,50,2016,9,23
2016-10-01 00:11:22.950927,New Moon,0,0,2016,10,1
2016-10-09 04:32:59.770386,First Quarter,1,50,2016,10,9
2016-10-16 04:23:06.550609,Full Moon,2,100,2016,10,16
2016-10-22 19:13:45.763820,Last Quarter,3,50,2016,10,22
2016-10-30 17:38:11.633034,New Moon,0,0,2016,10,30
2016-11-07 19:51:06.429203,First Quarter,1,50,2016,11,7
2016-11-14 13:52:04.395077,Full Moon,2,100,2016,11,14
2016-11-21 08:33:11.586347,Last Quarter,3,50,2016,11,21
2016-11-29 12:18:14.426481,New Moon,0,0,2016,11,29
2016-12-07 09:03:01.191866,First Quarter,1,50,2016,12,7
2016-12-14 00:05:33.785130,Full Moon,2,100,2016,12,14
2016-12-21 01:55:44.573321,Last Quarter,3,50,2016,12,21
2016-12-29 06:53:11.482398,New Moon,0,0,2016,12,29
2017-01-05 19:47:00.899121,First Quarter,1,50,2017,1,5
2017-01-12 11:33:58.252308,Full Moon,2,100,2017,1,12
2017-01-19 22:13:28.081596,Last Quarter,3,50,2017,1,19
2017-01-28 00:07:02.012237,New Moon,0,0,2017,1,28
2017-02-04 04:18:53.910186,First Quarter,1,50,2017,2,4
2017-02-11 00:32:53.225158,Full Moon,2,100,2017,2,11
2017-02-18 19:33:08.760096,Last Quarter,3,50,2017,2,18
2017-02-26 14:58:23.179977,New Moon,0,0,2017,2,26
2017-03-05 11:32:22.487984,First Quarter,1,50,2017,3,5
2017-03-12 14:53:47.812446,Full Moon,2,100,2017,3,12
2017-03-20 15:58:13.155025,Last Quarter,3,50,2017,3,20
2017-03-28 02:57:13.499043,New Moon,0,0,2017,3,28
2017-04-03 18:39:25.421316,First Quarter,1,50,2017,4,3
2017-04-11 06:08:06.857370,Full Moon,2,100,2017,4,11
2017-04-19 09:56:44.518416,Last Quarter,3,50,2017,4,19
2017-04-26 12:16:09.179484,New Moon,0,0,2017,4,26
2017-05-03 02:46:50.894070,First Quarter,1,50,2017,5,3
2017-05-10 21:42:29.608004,Full Moon,2,100,2017,5,10
2017-05-19 00:32:47.638185,Last Quarter,3,50,2017,5,19
2017-05-25 19:44:27.713933,New Moon,0,0,2017,5,25
2017-06-01 12:42:06.241424,First Quarter,1,50,2017,6,1
2017-06-09 13:09:34.810819,Full Moon,2,100,2017,6,9
2017-06-17 11:32:42.825806,Last Quarter,3,50,2017,6,17
2017-06-24 02:30:41.966152,New Moon,0,0,2017,6,24
2017-07-01 00:51:06.131210,First Quarter,1,50,2017,7,1
2017-07-09 04:06:33.690834,Full Moon,2,100,2017,7,9
2017-07-16 19:25:38.694420,Last Quarter,3,50,2017,7,16
2017-07-23 09:45:34.092736,New Moon,0,0,2017,7,23
2017-07-30 15:23:05.581171,First Quarter,1,50,2017,7,30
2017-08-07 18:10:36.606487,Full Moon,2,100,2017,8,7
2017-08-15 01:15:03.938797,Last Quarter,3,50,2017,8,15
2017-08-21 18:30:10.339702,New Moon,0,0,2017,8,21
2017-08-29 08:12:59.453482,First Quarter,1,50,2017,8,29
2017-09-06 07:02:48.269531,Full Moon,2,100,2017,9,6
2017-09-13 06:25:00.599173,Last Quarter,3,50,2017,9,13
2017-09-20 05:29:52.258209,New Moon,0,0,2017,9,20
2017-09-28 02:53:31.122748,First Quarter,1,50,2017,9,28
2017-10-05 18:40:07.862594,Full Moon,2,100,2017,10,5
2017-10-12 12:25:25.449096,Last Quarter,3,50,2017,10,12
2017-10-19 19:12:04.177668,New Moon,0,0,2017,10,19
2017-10-27 22:22:04.784271,First Quarter,1,50,2017,10,27
2017-11-04 05:22:55.487068,Full Moon,2,100,2017,11,4
2017-11-10 20:36:24.053619,Last Quarter,3,50,2017,11,10
2017-11-18 11:42:08.871546,New Moon,0,0,2017,11,18
2017-11-26 17:02:56.484256,First Quarter,1,50,2017,11,26
2017-12-03 15:46:59.652634,Full Moon,2,100,2017,12,3
2017-12-10 07:51:21.867245,Last Quarter,3,50,2017,12,10
2017-12-18 06:30:25.971139,New Moon,0,0,2017,12,18
2017-12-26 09:20:08.518931,First Quarter,1,50,2017,12,26
2018-01-02 02:24:06.045153,Full Moon,2,100,2018,1,2
2018-01-08 22:25:16.603798,Last Quarter,3,50,2018,1,8
2018-01-17 02:17:14.930336,New Moon,0,0,2018,1,17
2018-01-24 22:20:23.948035,First Quarter,1,50,2018,1,24
2018-01-31 13:26:44.565539,Full Moon,2,100,2018,1,31
2018-02-07 15:53:57.195357,Last Quarter,3,50,2018,2,7
2018-02-15 21:05:13.071595,New Moon,0,0,2018,2,15
2018-02-23 08:09:10.256567,First Quarter,1,50,2018,2,23
2018-03-02 00:51:21.123912,Full Moon,2,100,2018,3,2
2018-03-09 11:19:48.102331,Last Quarter,3,50,2018,3,9
2018-03-17 13:11:34.984555,New Moon,0,0,2018,3,17
2018-03-24 15:35:10.656987,First Quarter,1,50,2018,3,24
2018-03-31 12:36:51.573703,Full Moon,2,100,2018,3,31
2018-04-08 07:17:32.203516,Last Quarter,3,50,2018,4,8
2018-04-16 01:57:08.203008,New Moon,0,0,2018,4,16
2018-04-22 21:45:34.952632,First Quarter,1,50,2018,4,22
2018-04-30 00:58:11.704667,Full Moon,2,100,2018,4,30
2018-05-08 02:08:36.317388,Last Quarter,3,50,2018,5,8
2018-05-15 11:47:46.714505,New Moon,0,0,2018,5,15
2018-05-22 03:49:09.564614,First Quarter,1,50,2018,5,22
2018-05-29 14:19:33.307754,Full Moon,2,100,2018,5,29
2018-06-06 18:31:41.748485,Last Quarter,3,50,2018,6,6
2018-06-13 19:43:14.023726,New Moon,0,0,2018,6,13
2018-06-20 10:50:52.122151,First Quarter,1,50,2018,6,20
2018-06-28 04:52:57.782212,Full Moon,2,100,2018,6,28
2018-07-06 07:50:42.422623,Last Quarter,3,50,2018,7,6
2018-07-13 02:47:51.842798,New Moon,0,0,2018,7,13
2018-07-19 19:52:14.123347,First Quarter,1,50,2018,7,19
2018-07-27 20:20:20.475915,Full Moon,2,100,2018,7,27
2018-08-04 18:17:59.507548,Last Quarter,3,50,2018,8,4
2018-08-11 09:57:43.725440,New Moon,0,0,2018,8,11
2018-08-18 07:48:31.531431,First Quarter,1,50,2018,8,18
2018-08-26 11:56:10.491949,Full Moon,2,100,2018,8,26
2018-09-03 02:37:24.373218,Last Quarter,3,50,2018,9,3
2018-09-09 18:01:27.935465,New Moon,0,0,2018,9,9
2018-09-16 23:14:58.282893,First Quarter,1,50,2018,9,16
2018-09-25 02:52:25.298971,Full Moon,2,100,2018,9,25
2018-10-02 09:45:25.070122,Last Quarter,3,50,2018,10,2
2018-10-09 03:46:51.280642,New Moon,0,0,2018,10,9
2018-10-16 18:01:39.912066,First Quarter,1,50,2018,10,16
2018-10-24 16:45:12.003626,Full Moon,2,100,2018,10,24
2018-10-31 16:40:19.504836,Last Quarter,3,50,2018,10,31
2018-11-07 16:02:03.733001,New Moon,0,0,2018,11,7
2018-11-15 14:54:12.105759,First Quarter,1,50,2018,11,15
2018-11-23 05:39:13.044909,Full Moon,2,100,2018,11,23
2018-11-30 00:18:50.443393,Last Quarter,3,50,2018,11,30
2018-12-07 07:20:21.858814,New Moon,0,0,2018,12,7
2018-12-15 11:49:16.232981,First Quarter,1,50,2018,12,15
2018-12-22 17:48:35.893177,Full Moon,2,100,2018,12,22
2018-12-29 09:34:19.247360,Last Quarter,3,50,2018,12,29
2019-01-06 01:28:11.993855,New Moon,0,0,2019,1,6
2019-01-14 06:45:32.705725,First Quarter,1,50,2019,1,14
2019-01-21 05:16:05.457114,Full Moon,2,100,2019,1,21
2019-01-27 21:10:21.366299,Last Quarter,3,50,2019,1,27
2019-02-04 21:03:35.602736,New Moon,0,0,2019,2,4
2019-02-12 22:26:14.791285,First Quarter,1,50,2019,2,12
2019-02-19 15:53:35.046398,Full Moon,2,100,2019,2,19
2019-02-26 11:27:43.314807,Last Quarter,3,50,2019,2,26
2019-03-06 16:03:58.875221,New Moon,0,0,2019,3,6
2019-03-14 10:27:05.442229,First Quarter,1,50,2019,3,14
2019-03-21 01:42:51.961263,Full Moon,2,100,2019,3,21
2019-03-28 04:09:41.111341,Last Quarter,3,50,2019,3,28
2019-04-05 08:50:28.893155,New Moon,0,0,2019,4,5
2019-04-12 19:05:52.660186,First Quarter,1,50,2019,4,12
2019-04-19 11:12:10.299046,Full Moon,2,100,2019,4,19
2019-04-26 22:18:17.310939,Last Quarter,3,50,2019,4,26
2019-05-04 22:45:29.599143,New Moon,0,0,2019,5,4
2019-05-12 01:12:13.597633,First Quarter,1,50,2019,5,12
2019-05-18 21:11:20.615438,Full Moon,2,100,2019,5,18
2019-05-26 16:33:34.371892,Last Quarter,3,50,2019,5,26
2019-06-03 10:01:55.944215,New Moon,0,0,2019,6,3
2019-06-10 05:59:17.544370,First Quarter,1,50,2019,6,10
2019-06-17 08:30:38.919806,Full Moon,2,100,2019,6,17
2019-06-25 09:46:23.192159,Last Quarter,3,50,2019,6,25
2019-07-02 19:16:11.798087,New Moon,0,0,2019,7,2
2019-07-09 10:54:50.621599,First Quarter,1,50,2019,7,9
2019-07-16 21:38:12.208662,Full Moon,2,100,2019,7,16
2019-07-25 01:18:00.878496,Last Quarter,3,50,2019,7,25
2019-08-01 03:11:54.532003,New Moon,0,0,2019,8,1
2019-08-07 17:30:56.642927,First Quarter,1,50,2019,8,7
2019-08-15 12:29:14.517331,Full Moon,2,100,2019,8,15
2019-08-23 14:56:05.267748,Last Quarter,3,50,2019,8,23
2019-08-30 10:37:07.987281,New Moon,0,0,2019,8,30
2019-09-06 03:10:24.907661,First Quarter,1,50,2019,9,6
2019-09-14 04:32:45.450828,Full Moon,2,100,2019,9,14
2019-09-22 02:40:53.522885,Last Quarter,3,50,2019,9,22
2019-09-28 18:26:21.350937,New Moon,0,0,2019,9,28
2019-10-05 16:47:05.864334,First Quarter,1,50,2019,10,5
2019-10-13 21:07:52.233122,Full Moon,2,100,2019,10,13
2019-10-21 12:39:17.993551,Last Quarter,3,50,2019,10,21
2019-10-28 03:38:27.821612,New Moon,0,0,2019,10,28
2019-11-04 10:23:05.008811,First Quarter,1,50,2019,11,4
2019-11-12 13:34:24.462727,Full Moon,2,100,2019,11,12
2019-11-19 21:10:56.318134,Last Quarter,3,50,2019,11,19
2019-11-26 15:05:35.427222,New Moon,0,0,2019,11,26
2019-12-04 06:58:13.992691,First Quarter,1,50,2019,12,4
2019-12-12 05:12:16.162596,Full Moon,2,100,2019,12,12
2019-12-19 04:57:05.396466,Last Quarter,3,50,2019,12,19
2019-12-26 05:13:08.013982,New Moon,0,0,2019,12,26
2020-01-03 04:45:25.198216,First Quarter,1,50,2020,1,3
2020-01-10 19:21:18.430050,Full Moon,2,100,2020,1,10
2020-01-17 12:58:25.006533,Last Quarter,3,50,2020,1,17
2020-01-24 21:42:00.040493,New Moon,0,0,2020,1,24
2020-02-02 01:41:40.724919,First Quarter,1,50,2020,2,2
2020-02-09 07:33:16.806447,Full Moon,2,100,2020,2,9
2020-02-15 22:17:12.434084,Last Quarter,3,50,2020,2,15
2020-02-23 15:32:00.689008,New Moon,0,0,2020,2,23
2020-03-02 19:57:23.228425,First Quarter,1,50,2020,3,2
2020-03-09 17:47:43.934640,Full Moon,2,100,2020,3,9
2020-03-16 09:34:11.198487,Last Quarter,3,50,2020,3,16
2020-03-24 09:28:12.293215,New Moon,0,0,2020,3,24
2020-04-01 10:21:14.840097,First Quarter,1,50,2020,4,1
2020-04-08 02:35:04.358543,Full Moon,2,100,2020,4,8
2020-04-14 22:56:07.940122,Last Quarter,3,50,2020,4,14
2020-04-23 02:25:50.336647,New Moon,0,0,2020,4,23
2020-04-30 20:38:20.397791,First Quarter,1,50,2020,4,30
2020-05-07 10:45:12.483297,Full Moon,2,100,2020,5,7
2020-05-14 14:02:41.451351,Last Quarter,3,50,2020,5,14
2020-05-22 17:38:50.336280,New Moon,0,0,2020,5,22
2020-05-30 03:29:53.669271,First Quarter,1,50,2020,5,30
2020-06-05 19:12:22.089491,Full Moon,2,100,2020,6,5
2020-06-13 06:23:39.347903,Last Quarter,3,50,2020,6,13
2020-06-21 06:41:25.967611,New Moon,0,0,2020,6,21
2020-06-28 08:15:39.973996,First Quarter,1,50,2020,6,28
2020-07-05 04:44:23.194441,Full Moon,2,100,2020,7,5
2020-07-12 23:28:58.509041,Last Quarter,3,50,2020,7,12
2020-07-20 17:32:55.854125,New Moon,0,0,2020,7,20
2020-07-27 12:32:32.301673,First Quarter,1,50,2020,7,27
2020-08-03 15:58:44.484845,Full Moon,2,100,2020,8,3
2020-08-11 16:44:45.903508,Last Quarter,3,50,2020,8,11
2020-08-19 02:41:38.516542,New Moon,0,0,2020,8,19
2020-08-25 17:57:36.957912,First Quarter,1,50,2020,8,25
2020-09-02 05:22:03.030911,Full Moon,2,100,2020,9,2
2020-09-10 09:25:42.859023,Last Quarter,3,50,2020,9,10
2020-09-17 11:00:11.339812,New Moon,0,0,2020,9,17
2020-09-24 01:54:51.201385,First Quarter,1,50,2020,9,24
2020-10-01 21:05:14.587370,Full Moon,2,100,2020,10,1
2020-10-10 00:39:31.077273,Last Quarter,3,50,2020,10,10
2020-10-16 19:31:01.875664,New Moon,0,0,2020,10,16
2020-10-23 13:22:55.220067,First Quarter,1,50,2020,10,23
2020-10-31 14:49:08.445857,Full Moon,2,100,2020,10,31
2020-11-08 13:46:05.237988,Last Quarter,3,50,2020,11,8
2020-11-15 05:07:10.346643,New Moon,0,0,2020,11,15
2020-11-22 04:45:00.508298,First Quarter,1,50,2020,11,22
2020-11-30 09:29:40.834615,Full Moon,2,100,2020,11,30
2020-12-08 00:36:35.749451,Last Quarter,3,50,2020,12,8
2020-12-14 16:16:34.379423,New Moon,0,0,2020,12,14
2020-12-21 23:41:12.707238,First Quarter,1,50,2020,12,21
2020-12-30 03:28:12.416824,Full Moon,2,100,2020,12,30
2021-01-06 09:37:12.714494,Last Quarter,3,50,2021,1,6
2021-01-13 05:00:10.167965,New Moon,0,0,2021,1,13
2021-01-20 21:01:36.268300,First Quarter,1,50,2021,1,20
2021-01-28 19:16:13.333731,Full Moon,2,100,2021,1,28
2021-02-04 17:37:05.331569,Last Quarter,3,50,2021,2,4
2021-02-11 19:05:39.503400,New Moon,0,0,2021,2,11
2021-02-19 18:47:19.474112,First Quarter,1,50,2021,2,19
2021-02-27 08:17:18.852073,Full Moon,2,100,2021,2,27
2021-03-06 01:30:12.122011,Last Quarter,3,50,2021,3,6
2021-03-13 10:21:08.300171,New Moon,0,0,2021,3,13
2021-03-21 14:40:23.951637,First Quarter,1,50,2021,3,21
2021-03-28 18:48:09.235110,Full Moon,2,100,2021,3,28
2021-04-04 10:02:26.044267,Last Quarter,3,50,2021,4,4
2021-04-12 02:30:49.058998,New Moon,0,0,2021,4,12
2021-04-20 06:58:54.937882,First Quarter,1,50,2021,4,20
2021-04-27 03:31:31.197286,Full Moon,2,100,2021,4,27
2021-05-03 19:50:04.048892,Last Quarter,3,50,2021,5,3
2021-05-11 18:59:45.911630,New Moon,0,0,2021,5,11
2021-05-19 19:12:35.803964,First Quarter,1,50,2021,5,19
2021-05-26 11:13:51.369531,Full Moon,2,100,2021,5,26
2021-06-02 07:24:21.831958,Last Quarter,3,50,2021,6,2
2021-06-10 10:52:36.762424,New Moon,0,0,2021,6,10
2021-06-18 03:54:14.775688,First Quarter,1,50,2021,6,18
2021-06-24 18:39:40.054138,Full Moon,2,100,2021,6,24
2021-07-01 21:10:36.005161,Last Quarter,3,50,2021,7,1
2021-07-10 01:16:35.317751,New Moon,0,0,2021,7,10
2021-07-17 10:10:37.221812,First Quarter,1,50,2021,7,17
2021-07-24 02:36:52.292287,Full Moon,2,100,2021,7,24
2021-07-31 13:15:57.972200,Last Quarter,3,50,2021,7,31
2021-08-08 13:50:05.762550,New Moon,0,0,2021,8,8
2021-08-15 15:19:34.055027,First Quarter,1,50,2021,8,15
2021-08-22 12:01:55.592342,Full Moon,2,100,2021,8,22
2021-08-30 07:13:12.062761,Last Quarter,3,50,2021,8,30
2021-09-07 00:51:43.891623,New Moon,0,0,2021,9,7
2021-09-13 20:39:20.144360,First Quarter,1,50,2021,9,13
2021-09-20 23:54:40.062218,Full Moon,2,100,2021,9,20
2021-09-29 01:57:07.239073,Last Quarter,3,50,2021,9,29
2021-10-06 11:05:21.931470,New Moon,0,0,2021,10,6
2021-10-13 03:25:06.916961,First Quarter,1,50,2021,10,13
2021-10-20 14:56:39.793101,Full Moon,2,100,2021,10,20
2021-10-28 20:05:09.374010,Last Quarter,3,50,2021,10,28
2021-11-04 21:14:35.196036,New Moon,0,0,2021,11,4
2021-11-11 12:46:00.918897,First Quarter,1,50,2021,11,11
2021-11-19 08:57:27.234376,Full Moon,2,100,2021,11,19
2021-11-27 12:27:39.152102,Last Quarter,3,50,2021,11,27
2021-12-04 07:43:00.774823,New Moon,0,0,2021,12,4
2021-12-11 01:35:32.370399,First Quarter,1,50,2021,12,11
2021-12-19 04:35:30.149484,Full Moon,2,100,2021,12,19
2021-12-27 02:23:44.189954,Last Quarter,3,50,2021,12,27
2022-01-02 18:33:29.491796,New Moon,0,0,2022,1,2
2022-01-09 18:11:15.479357,First Quarter,1,50,2022,1,9
2022-01-17 23:48:25.239463,Full Moon,2,100,2022,1,17
2022-01-25 13:40:54.161848,Last Quarter,3,50,2022,1,25
2022-02-01 05:45:59.887335,New Moon,0,0,2022,2,1
2022-02-08 13:50:06.174902,First Quarter,1,50,2022,2,8
2022-02-16 16:56:29.218364,Full Moon,2,100,2022,2,16
2022-02-23 22:32:25.635169,Last Quarter,3,50,2022,2,23
2022-03-02 17:34:44.914363,New Moon,0,0,2022,3,2
2022-03-10 10:45:22.866872,First Quarter,1,50,2022,3,10
2022-03-18 07:17:32.553860,Full Moon,2,100,2022,3,18
2022-03-25 05:37:15.047254,Last Quarter,3,50,2022,3,25
2022-04-01 06:24:22.746168,New Moon,0,0,2022,4,1
2022-04-09 06:47:35.770294,First Quarter,1,50,2022,4,9
2022-04-16 18:55:00.884521,Full Moon,2,100,2022,4,16
2022-04-23 11:56:19.010267,Last Quarter,3,50,2022,4,23
2022-04-30 20:28:03.745776,New Moon,0,0,2022,4,30
2022-05-09 00:21:21.028772,First Quarter,1,50,2022,5,9
2022-05-16 04:14:07.101047,Full Moon,2,100,2022,5,16
2022-05-22 18:43:03.364952,Last Quarter,3,50,2022,5,22
2022-05-30 11:30:14.969943,New Moon,0,0,2022,5,30
2022-06-07 14:48:27.237673,First Quarter,1,50,2022,6,7
2022-06-14 11:51:43.585445,Full Moon,2,100,2022,6,14
2022-06-21 03:10:46.773395,Last Quarter,3,50,2022,6,21
2022-06-29 02:52:13.851129,New Moon,0,0,2022,6,29
2022-07-07 02:14:06.481487,First Quarter,1,50,2022,7,7
2022-07-13 18:37:35.224882,Full Moon,2,100,2022,7,13
2022-07-20 14:18:34.769295,Last Quarter,3,50,2022,7,20
2022-07-28 17:54:58.827869,New Moon,0,0,2022,7,28
2022-08-05 11:06:30.968413,First Quarter,1,50,2022,8,5
2022-08-12 01:35:41.569474,Full Moon,2,100,2022,8,12
2022-08-19 04:36:03.923185,Last Quarter,3,50,2022,8,19
2022-08-27 08:17:04.732344,New Moon,0,0,2022,8,27
2022-09-03 18:07:42.248156,First Quarter,1,50,2022,9,3
2022-09-10 09:59:00.194237,Full Moon,2,100,2022,9,10
2022-09-17 21:51:57.713149,Last Quarter,3,50,2022,9,17
2022-09-25 21:54:31.101216,New Moon,0,0,2022,9,25
2022-10-03 00:14:00.955346,First Quarter,1,50,2022,10,3
2022-10-09 20:54:56.164579,Full Moon,2,100,2022,10,9
2022-10-17 17:15:04.137980,Last Quarter,3,50,2022,10,17
2022-10-25 10:48:40.167028,New Moon,0,0,2022,10,25
2022-11-01 06:37:04.020864,First Quarter,1,50,2022,11,1
2022-11-08 11:02:07.315584,Full Moon,2,100,2022,11,8
2022-11-16 13:27:01.162701,Last Quarter,3,50,2022,11,16
2022-11-23 22:57:12.126467,New Moon,0,0,2022,11,23
2022-11-30 14:36:30.338132,First Quarter,1,50,2022,11,30
2022-12-08 04:08:09.199023,Full Moon,2,100,2022,12,8
2022-12-16 08:56:03.571279,Last Quarter,3,50,2022,12,16
2022-12-23 10:16:51.210456,New Moon,0,0,2022,12,23
2022-12-30 01:20:30.587703,First Quarter,1,50,2022,12,30
2023-01-06 23:07:52.481036,Full Moon,2,100,2023,1,6
2023-01-15 02:10:17.604928,Last Quarter,3,50,2023,1,15
2023-01-21 20:53:13.186578,New Moon,0,0,2023,1,21
2023-01-28 15:18:44.869242,First Quarter,1,50,2023,1,28
2023-02-05 18:28:31.157816,Full Moon,2,100,2023,2,5
2023-02-13 16:00:42.247070,Last Quarter,3,50,2023,2,13
2023-02-20 07:05:47.774042,New Moon,0,0,2023,2,20
2023-02-27 08:05:36.027082,First Quarter,1,50,2023,2,27
2023-03-07 12:40:18.633704,Full Moon,2,100,2023,3,7
2023-03-15 02:08:14.773626,Last Quarter,3,50,2023,3,15
2023-03-21 17:23:05.702931,New Moon,0,0,2023,3,21
2023-03-29 02:32:19.954919,First Quarter,1,50,2023,3,29
2023-04-06 04:34:28.605433,Full Moon,2,100,2023,4,6
2023-04-13 09:11:21.032758,Last Quarter,3,50,2023,4,13
2023-04-20 04:12:29.419060,New Moon,0,0,2023,4,20
2023-04-27 21:19:52.269492,First Quarter,1,50,2023,4,27
2023-05-05 17:34:00.621015,Full Moon,2,100,2023,5,5
2023-05-12 14:28:13.711999,Last Quarter,3,50,2023,5,12
2023-05-19 15:53:13.974109,New Moon,0,0,2023,5,19
2023-05-27 15:22:13.002985,First Quarter,1,50,2023,5,27
2023-06-04 03:41:41.269899,Full Moon,2,100,2023,6,4
2023-06-10 19:31:18.971446,Last Quarter,3,50,2023,6,10
2023-06-18 04:37:05.909640,New Moon,0,0,2023,6,18
2023-06-26 07:49:39.724207,First Quarter,1,50,2023,6,26
2023-07-03 11:38:38.221181,Full Moon,2,100,2023,7,3
2023-07-10 01:47:50.016190,Last Quarter,3,50,2023,7,10
2023-07-17 18:31:46.213451,New Moon,0,0,2023,7,17
2023-07-25 22:06:44.781492,First Quarter,1,50,2023,7,25
2023-08-01 18:31:36.174047,Full Moon,2,100,2023,8,1
2023-08-08 10:28:23.177914,Last Quarter,3,50,2023,8,8
2023-08-16 09:38:06.977833,New Moon,0,0,2023,8,16
2023-08-24 09:57:12.615074,First Quarter,1,50,2023,8,24
2023-08-31 01:35:33.888792,Full Moon,2,100,2023,8,31
2023-09-06 22:21:03.029994,Last Quarter,3,50,2023,9,6
2023-09-15 01:39:44.878017,New Moon,0,0,2023,9,15
2023-09-22 19:31:45.150961,First Quarter,1,50,2023,9,22
2023-09-29 09:57:29.345158,Full Moon,2,100,2023,9,29
2023-10-06 13:47:40.239476,Last Quarter,3,50,2023,10,6
2023-10-14 17:55:06.524302,New Moon,0,0,2023,10,14
2023-10-22 03:29:23.912898,First Quarter,1,50,2023,10,22
2023-10-28 20:24:00.492485,Full Moon,2,100,2023,10,28
2023-11-05 08:36:45.365625,Last Quarter,3,50,2023,11,5
2023-11-13 09:27:22.323302,New Moon,0,0,2023,11,13
2023-11-20 10:49:50.354999,First Quarter,1,50,2023,11,20
2023-11-27 09:16:16.659317,Full Moon,2,100,2023,11,27
2023-12-05 05:49:12.867530,Last Quarter,3,50,2023,12,5
2023-12-12 23:31:59.996246,New Moon,0,0,2023,12,12
2023-12-19 18:39:11.417776,First Quarter,1,50,2023,12,19
2023-12-27 00:33:10.338255,Full Moon,2,100,2023,12,27
2024-01-04 03:30:24.783806,Last Quarter,3,50,2024,1,4
2024-01-11 11:57:21.833088,New Moon,0,0,2024,1,11
2024-01-18 03:52:34.266081,First Quarter,1,50,2024,1,18
2024-01-25 17:53:57.068232,Full Moon,2,100,2024,1,25
2024-02-02 23:17:56.926008,Last Quarter,3,50,2024,2,2
2024-02-09 22:59:07.641560,New Moon,0,0,2024,2,9
2024-02-16 15:00:54.550476,First Quarter,1,50,2024,2,16
2024-02-24 12:30:22.256619,Full Moon,2,100,2024,2,24
2024-03-03 15:23:27.165642,Last Quarter,3,50,2024,3,3
2024-03-10 09:00:23.041971,New Moon,0,0,2024,3,10
2024-03-17 04:10:40.733820,First Quarter,1,50,2024,3,17
2024-03-25 07:00:16.416783,Full Moon,2,100,2024,3,25
2024-04-02 03:14:40.256821,Last Quarter,3,50,2024,4,2
2024-04-08 18:20:48.517003,New Moon,0,0,2024,4,8
2024-04-15 19:13:03.041783,First Quarter,1,50,2024,4,15
2024-04-23 23:48:55.940052,Full Moon,2,100,2024,4,23
2024-05-01 11:27:12.028451,Last Quarter,3,50,2024,5,1
2024-05-08 03:21:52.990409,New Moon,0,0,2024,5,8
2024-05-15 11:47:55.221536,First Quarter,1,50,2024,5,15
2024-05-23 13:53:05.253548,Full Moon,2,100,2024,5,23
2024-05-30 17:12:35.929034,Last Quarter,3,50,2024,5,30
2024-06-06 12:37:40.732129,New Moon,0,0,2024,6,6
2024-06-14 05:18:22.567931,First Quarter,1,50,2024,6,14
2024-06-22 01:07:48.966095,Full Moon,2,100,2024,6,22
2024-06-28 21:53:21.003700,Last Quarter,3,50,2024,6,28
2024-07-05 22:57:19.841937,New Moon,0,0,2024,7,5
2024-07-13 22:48:45.446483,First Quarter,1,50,2024,7,13
2024-07-21 10:17:04.647705,Full Moon,2,100,2024,7,21
2024-07-28 02:51:30.342331,Last Quarter,3,50,2024,7,28
2024-08-04 11:12:58.878047,New Moon,0,0,2024,8,4
2024-08-12 15:18:44.612932,First Quarter,1,50,2024,8,12
2024-08-19 18:25:44.062302,Full Moon,2,100,2024,8,19
2024-08-26 09:25:48.237144,Last Quarter,3,50,2024,8,26
2024-09-03 01:55:30.959440,New Moon,0,0,2024,9,3
2024-09-11 06:05:36.303807,First Quarter,1,50,2024,9,11
2024-09-18 02:34:24.104417,Full Moon,2,100,2024,9,18
2024-09-24 18:49:48.954033,Last Quarter,3,50,2024,9,24
2024-10-02 18:49:13.544351,New Moon,0,0,2024,10,2
2024-10-10 18:55:04.685967,First Quarter,1,50,2024,10,10
2024-10-17 11:26:21.318657,Full Moon,2,100,2024,10,17
2024-10-24 08:03:01.238556,Last Quarter,3,50,2024,10,24
2024-11-01 12:47:06.158958,New Moon,0,0,2024,11,1
2024-11-09 05:55:24.594879,First Quarter,1,50,2024,11,9
2024-11-15 21:28:28.524916,Full Moon,2,100,2024,11,15
2024-11-23 01:27:52.150275,Last Quarter,3,50,2024,11,23
2024-12-01 06:21:22.862062,New Moon,0,0,2024,12,1
2024-12-08 15:26:33.931024,First Quarter,1,50,2024,12,8
2024-12-15 09:01:38.391638,Full Moon,2,100,2024,12,15
2024-12-22 22:18:08.448726,Last Quarter,3,50,2024,12,22
2024-12-30 22:26:44.657380,New Moon,0,0,2024,12,30
2025-01-06 23:56:14.946101,First Quarter,1,50,2025,1,6
2025-01-13 22:26:51.041434,Full Moon,2,100,2025,1,13
2025-01-21 20:30:45.362318,Last Quarter,3,50,2025,1,21
2025-01-29 12:35:54.996492,New Moon,0,0,2025,1,29
2025-02-05 08:02:06.869392,First Quarter,1,50,2025,2,5
2025-02-12 13:53:19.940003,Full Moon,2,100,2025,2,12
2025-02-20 17:32:29.946846,Last Quarter,3,50,2025,2,20
2025-02-28 00:44:45.652155,New Moon,0,0,2025,2,28
2025-03-06 16:31:34.737464,First Quarter,1,50,2025,3,6
2025-03-14 06:54:35.375821,Full Moon,2,100,2025,3,14
2025-03-22 11:29:22.688839,Last Quarter,3,50,2025,3,22
2025-03-29 10:57:46.537731,New Moon,0,0,2025,3,29
2025-04-05 02:14:36.826608,First Quarter,1,50,2025,4,5
2025-04-13 00:22:12.460197,Full Moon,2,100,2025,4,13
2025-04-21 01:35:29.268232,Last Quarter,3,50,2025,4,21
2025-04-27 19:31:05.832005,New Moon,0,0,2025,4,27
2025-05-04 13:51:40.493234,First Quarter,1,50,2025,5,4
2025-05-12 16:55:52.683446,Full Moon,2,100,2025,5,12
2025-05-20 11:58:40.849389,Last Quarter,3,50,2025,5,20
2025-05-27 03:02:17.025632,New Moon,0,0,2025,5,27
2025-06-03 03:40:53.119714,First Quarter,1,50,2025,6,3
2025-06-11 07:43:45.814151,Full Moon,2,100,2025,6,11
2025-06-18 19:19:02.065656,Last Quarter,3,50,2025,6,18
2025-06-25 10:31:32.135398,New Moon,0,0,2025,6,25
2025-07-02 19:30:07.108846,First Quarter,1,50,2025,7,2
2025-07-10 20:36:42.125289,Full Moon,2,100,2025,7,10
2025-07-18 00:37:35.981222,Last Quarter,3,50,2025,7,18
2025-07-24 19:11:06.553186,New Moon,0,0,2025,7,24
2025-08-01 12:41:15.501141,First Quarter,1,50,2025,8,1
2025-08-09 07:54:58.821261,Full Moon,2,100,2025,8,9
2025-08-16 05:12:10.381030,Last Quarter,3,50,2025,8,16
2025-08-23 06:06:27.871404,New Moon,0,0,2025,8,23
2025-08-31 06:25:08.025681,First Quarter,1,50,2025,8,31
2025-09-07 18:08:49.165900,Full Moon,2,100,2025,9,7
2025-09-14 10:32:53.103489,Last Quarter,3,50,2025,9,14
2025-09-21 19:54:03.903181,New Moon,0,0,2025,9,21
2025-09-29 23:53:45.472470,First Quarter,1,50,2025,9,29
2025-10-07 03:47:33.073613,Full Moon,2,100,2025,10,7
2025-10-13 18:12:36.897232,Last Quarter,3,50,2025,10,13
2025-10-21 12:25:07.590621,New Moon,0,0,2025,10,21
2025-10-29 16:20:44.667270,First Quarter,1,50,2025,10,29
2025-11-05 13:19:15.020011,Full Moon,2,100,2025,11,5
2025-11-12 05:28:04.254800,Last Quarter,3,50,2025,11,12
2025-11-20 06:47:13.150987,New Moon,0,0,2025,11,20
2025-11-28 06:58:44.110587,First Quarter,1,50,2025,11,28
2025-12-04 23:14:00.931083,Full Moon,2,100,2025,12,4
2025-12-11 20:51:37.678398,Last Quarter,3,50,2025,12,11
2025-12-20 01:43:17.000326,New Moon,0,0,2025,12,20
2025-12-27 19:09:48.317849,First Quarter,1,50,2025,12,27
